Var1,Var2,Var3,Var4,Var5,Var6
N,VAL,26,-2.765,41.285,66.569
CA,VAL,26,-2.274,41.453,67.902
CB,VAL,26,-2.948,40.578,68.92
CG1,VAL,26,-2.179,40.694,70.247
CG2,VAL,26,-4.424,40.984,69.04
C,VAL,26,-0.849,41.031,67.849
O,VAL,26,-0.519,40.019,67.233
N,ASP,27,0.043,41.819,68.475
CA,ASP,27,1.426,41.457,68.441
CB,ASP,27,2.389,42.654,68.426
CG,ASP,27,2.313,43.278,67.04
OD1,ASP,27,2.084,42.511,66.067
OD2,ASP,27,2.473,44.523,66.936
C,ASP,27,1.702,40.658,69.662
O,ASP,27,1.328,41.042,70.769
N,PHE,28,2.343,39.491,69.477
CA,PHE,28,2.649,38.667,70.603
CB,PHE,28,2.145,37.222,70.42
CG,PHE,28,2.315,36.488,71.704
CD1,PHE,28,1.405,36.646,72.724
CD2,PHE,28,3.378,35.634,71.888
CE1,PHE,28,1.558,35.965,73.908
CE2,PHE,28,3.537,34.95,73.071
CZ,PHE,28,2.627,35.119,74.085
C,PHE,28,4.141,38.651,70.713
O,PHE,28,4.838,38.344,69.748
N,HIS,29,4.675,39.011,71.897
CA,HIS,29,6.098,39.029,72.079
ND1,HIS,29,5.402,42.045,70.518
CG,HIS,29,6.441,41.156,70.687
CB,HIS,29,6.718,40.435,71.975
NE2,HIS,29,6.496,41.975,68.584
CD2,HIS,29,7.099,41.125,69.495
CE1,HIS,29,5.482,42.504,69.244
C,HIS,29,6.358,38.582,73.482
O,HIS,29,5.45,38.582,74.315
N,GLY,30,7.613,38.18,73.781
CA,GLY,30,7.895,37.788,75.13
C,GLY,30,9.233,37.125,75.194
O,GLY,30,9.954,37.05,74.202
N,TYR,31,9.591,36.654,76.407
CA,TYR,31,10.805,35.954,76.718
CB,TYR,31,11.782,36.818,77.54
CG,TYR,31,12.882,35.979,78.097
CD1,TYR,31,12.724,35.342,79.309
CD2,TYR,31,14.072,35.834,77.423
CE1,TYR,31,13.73,34.571,79.842
CE2,TYR,31,15.083,35.065,77.951
CZ,TYR,31,14.915,34.43,79.161
OH,TYR,31,15.951,33.64,79.705
C,TYR,31,10.4,34.789,77.563
O,TYR,31,9.384,34.842,78.254
N,ALA,32,11.157,33.677,77.5
CA,ALA,32,10.821,32.569,78.343
CB,ALA,32,9.695,31.684,77.785
C,ALA,32,12.031,31.709,78.443
O,ALA,32,12.854,31.679,77.532
N,ARG,33,12.173,31.01,79.585
CA,ARG,33,13.246,30.08,79.793
CB,ARG,33,14.383,30.606,80.695
CG,ARG,33,13.931,30.888,82.135
CD,ARG,33,15.034,31.407,83.065
NE,ARG,33,15.327,32.812,82.667
CZ,ARG,33,15.38,33.815,83.592
NH1,ARG,33,15.171,33.552,84.915
NH2,ARG,33,15.623,35.094,83.181
C,ARG,33,12.619,28.978,80.587
O,ARG,33,11.771,29.243,81.436
N,SER,34,12.982,27.708,80.32
CA,SER,34,12.448,26.649,81.135
CB,SER,34,11.011,26.237,80.774
OG,SER,34,10.988,25.572,79.522
C,SER,34,13.324,25.453,80.927
O,SER,34,14.049,25.388,79.936
N,GLY,35,13.294,24.459,81.845
CA,GLY,35,14.164,23.339,81.613
C,GLY,35,14.15,22.348,82.744
O,GLY,35,13.315,22.398,83.648
N,ILE,36,15.096,21.381,82.677
CA,ILE,36,15.255,20.329,83.65
CB,ILE,36,14.828,18.989,83.109
CG2,ILE,36,15.684,18.691,81.867
CG1,ILE,36,14.886,17.893,84.187
CD1,ILE,36,13.805,18.02,85.256
C,ILE,36,16.72,20.227,83.99
O,ILE,36,17.576,20.475,83.142
N,GLY,37,17.056,19.851,85.247
CA,GLY,37,18.451,19.78,85.598
C,GLY,37,18.656,18.89,86.79
O,GLY,37,17.718,18.58,87.525
N,TRP,38,19.923,18.461,87.003
CA,TRP,38,20.255,17.584,88.091
CB,TRP,38,20.414,16.121,87.643
CG,TRP,38,19.135,15.475,87.166
CD2,TRP,38,18.662,15.526,85.811
CD1,TRP,38,18.219,14.746,87.868
NE1,TRP,38,17.204,14.34,87.033
CE2,TRP,38,17.465,14.814,85.763
CE3,TRP,38,19.184,16.119,84.699
CZ2,TRP,38,16.768,14.684,84.595
CZ3,TRP,38,18.482,15.982,83.523
CH2,TRP,38,17.297,15.279,83.471
C,TRP,38,21.579,18.004,88.66
O,TRP,38,22.394,18.619,87.975
N,THR,39,21.829,17.679,89.948
CA,THR,39,23.095,18.017,90.537
CB,THR,39,23.028,18.733,91.852
OG1,THR,39,22.23,18.004,92.764
CG2,THR,39,22.478,20.145,91.646
C,THR,39,23.869,16.763,90.763
O,THR,39,23.313,15.695,91.016
N,GLY,40,25.207,16.887,90.68
CA,GLY,40,26.046,15.736,90.787
C,GLY,40,25.835,15.079,92.117
O,GLY,40,25.645,13.866,92.183
N,SER,41,25.824,15.861,93.214
CA,SER,41,25.695,15.282,94.525
CB,SER,41,25.728,16.334,95.651
OG,SER,41,24.662,17.26,95.5
C,SER,41,24.395,14.557,94.599
O,SER,41,24.323,13.45,95.132
N,GLY,42,23.325,15.163,94.06
CA,GLY,42,22.059,14.497,94.075
C,GLY,42,21.002,15.541,94.211
O,GLY,42,21.25,16.639,94.706
N,GLY,43,19.772,15.203,93.784
CA,GLY,43,18.68,16.119,93.913
C,GLY,43,18.603,16.992,92.704
O,GLY,43,19.345,16.838,91.734
N,GLU,44,17.67,17.955,92.773
CA,GLU,44,17.39,18.892,91.732
CB,GLU,44,16.199,19.805,92.069
CG,GLU,44,16.383,20.548,93.397
CD,GLU,44,15.297,21.604,93.512
OE1,GLU,44,14.849,22.1,92.446
OE2,GLU,44,14.903,21.931,94.663
C,GLU,44,18.579,19.774,91.577
O,GLU,44,19.365,19.947,92.505
N,GLN,45,18.724,20.351,90.371
CA,GLN,45,19.814,21.211,90.009
CB,GLN,45,19.683,21.755,88.578
CG,GLN,45,20.665,22.887,88.261
CD,GLN,45,20.335,23.44,86.879
OE1,GLN,45,19.789,22.743,86.026
NE2,GLN,45,20.671,24.737,86.649
C,GLN,45,19.844,22.417,90.894
O,GLN,45,18.803,22.943,91.284
N,GLN,46,21.071,22.887,91.219
CA,GLN,46,21.266,24.038,92.061
CB,GLN,46,22.064,23.732,93.337
CG,GLN,46,21.329,22.78,94.28
CD,GLN,46,22.265,22.421,95.421
OE1,GLN,46,23.346,22.989,95.571
NE2,GLN,46,21.833,21.436,96.253
C,GLN,46,22.046,25.068,91.293
O,GLN,46,22.754,24.745,90.34
N,CYS,47,21.93,26.353,91.701
CA,CYS,47,22.585,27.432,91.007
CB,CYS,47,21.609,28.562,90.613
SG,CYS,47,20.334,28.093,89.394
C,CYS,47,23.621,28.056,91.906
O,CYS,47,23.461,28.086,93.125
N,PHE,48,24.712,28.613,91.325
CA,PHE,48,25.769,29.101,92.174
CB,PHE,48,27.119,28.446,91.839
CG,PHE,48,26.883,26.973,91.797
CD1,PHE,48,26.497,26.385,90.616
CD2,PHE,48,27.031,26.172,92.904
CE1,PHE,48,26.264,25.032,90.528
CE2,PHE,48,26.797,24.817,92.821
CZ,PHE,48,26.416,24.239,91.636
C,PHE,48,25.961,30.585,92.02
O,PHE,48,26.236,31.08,90.927
N,GLN,49,25.849,31.331,93.144
CA,GLN,49,26.069,32.757,93.123
CB,GLN,49,24.773,33.577,93.247
CG,GLN,49,24.997,35.09,93.207
CD,GLN,49,23.636,35.756,93.331
OE1,GLN,49,23.377,36.78,92.699
NE2,GLN,49,22.736,35.156,94.154
C,GLN,49,26.937,33.101,94.3
O,GLN,49,26.699,32.634,95.412
N,THR,50,27.967,33.948,94.093
CA,THR,50,28.877,34.259,95.163
CB,THR,50,30.19,34.809,94.673
OG1,THR,50,31.178,34.703,95.683
CG2,THR,50,30.013,36.279,94.273
C,THR,50,28.234,35.227,96.111
O,THR,50,27.678,36.247,95.709
N,THR,51,28.324,34.93,97.424
CA,THR,51,27.698,35.74,98.428
CB,THR,51,27.883,35.181,99.807
OG1,THR,51,27.366,33.859,99.863
CG2,THR,51,27.144,36.081,100.81
C,THR,51,28.302,37.107,98.381
O,THR,51,29.516,37.269,98.484
N,GLY,52,27.448,38.139,98.231
CA,GLY,52,27.932,39.489,98.184
C,GLY,52,27.886,40.007,96.777
O,GLY,52,27.877,41.219,96.567
N,ALA,53,27.883,39.109,95.771
CA,ALA,53,27.808,39.562,94.408
CB,ALA,53,28.426,38.595,93.383
C,ALA,53,26.367,39.752,94.033
O,ALA,53,25.463,39.175,94.633
N,GLN,54,26.146,40.642,93.05
CA,GLN,54,24.899,41.055,92.47
CB,GLN,54,25.073,42.369,91.696
CG,GLN,54,25.708,43.481,92.536
CD,GLN,54,24.647,44.16,93.381
OE1,GLN,54,24.439,45.366,93.256
NE2,GLN,54,23.974,43.383,94.269
C,GLN,54,24.346,40.054,91.49
O,GLN,54,23.145,40.069,91.209
N,SER,55,25.209,39.228,90.854
CA,SER,55,24.692,38.382,89.812
CB,SER,55,24.78,39.048,88.43
OG,SER,55,26.138,39.333,88.125
C,SER,55,25.452,37.09,89.724
O,SER,55,26.416,36.856,90.449
N,LYS,56,24.99,36.194,88.824
CA,LYS,56,25.628,34.927,88.592
CB,LYS,56,24.775,33.747,89.088
CG,LYS,56,23.304,33.83,88.67
CD,LYS,56,22.52,32.543,88.934
CE,LYS,56,21.031,32.638,88.585
NZ,LYS,56,20.841,32.633,87.117
C,LYS,56,25.834,34.813,87.111
O,LYS,56,25.217,35.544,86.339
N,TYR,57,26.722,33.9,86.665
CA,TYR,57,26.945,33.761,85.253
CB,TYR,57,28.389,33.364,84.893
CG,TYR,57,29.233,34.561,85.192
CD1,TYR,57,29.415,35.541,84.239
CD2,TYR,57,29.833,34.717,86.421
CE1,TYR,57,30.182,36.652,84.504
CE2,TYR,57,30.602,35.825,86.691
CZ,TYR,57,30.778,36.794,85.732
OH,TYR,57,31.563,37.934,86.006
C,TYR,57,25.987,32.693,84.82
O,TYR,57,26.098,31.535,85.213
N,ARG,58,25.03,33.102,83.964
CA,ARG,58,23.828,32.425,83.551
CB,ARG,58,23.009,33.292,82.571
CG,ARG,58,22.311,34.486,83.224
CD,ARG,58,22.051,35.675,82.292
NE,ARG,58,21.34,35.215,81.064
CZ,ARG,58,19.977,35.156,81.014
NH1,ARG,58,19.23,35.307,82.146
NH2,ARG,58,19.356,34.96,79.815
C,ARG,58,23.975,31.096,82.885
O,ARG,58,23.181,30.207,83.186
N,LEU,59,24.944,30.906,81.966
CA,LEU,59,24.926,29.669,81.231
CB,LEU,59,26.04,29.478,80.189
CG,LEU,59,25.762,30.172,78.85
CD1,LEU,59,26.807,29.761,77.8
CD2,LEU,59,24.316,29.911,78.385
C,LEU,59,24.961,28.467,82.115
O,LEU,59,25.886,28.249,82.894
N,GLY,60,23.889,27.659,82.006
CA,GLY,60,23.805,26.426,82.727
C,GLY,60,23.789,26.726,84.187
O,GLY,60,24.28,25.925,84.983
N,ASN,61,23.268,27.911,84.571
CA,ASN,61,23.22,28.24,85.966
CB,ASN,61,24.42,29.114,86.38
CG,ASN,61,24.596,29.073,87.891
OD1,ASN,61,24.499,28.022,88.522
ND2,ASN,61,24.867,30.259,88.496
C,ASN,61,21.963,29.028,86.226
O,ASN,61,22.014,30.06,86.895
N,GLU,62,20.793,28.555,85.731
CA,GLU,62,19.536,29.234,85.948
CB,GLU,62,18.932,29.855,84.674
CG,GLU,62,19.738,31.037,84.13
CD,GLU,62,19.053,31.565,82.875
OE1,GLU,62,18.911,30.78,81.9
OE2,GLU,62,18.666,32.763,82.878
C,GLU,62,18.549,28.213,86.447
O,GLU,62,18.327,27.182,85.816
N,CYS,63,17.998,28.473,87.647
CA,CYS,63,17.078,27.672,88.414
CB,CYS,63,17.326,27.832,89.926
SG,CYS,63,18.913,27.111,90.47
C,CYS,63,15.586,27.793,88.144
O,CYS,63,14.835,27.034,88.751
N,GLU,64,15.059,28.749,87.341
CA,GLU,64,13.613,28.901,87.375
CB,GLU,64,13.206,30.296,87.874
CG,GLU,64,14.056,30.79,89.045
CD,GLU,64,15.349,31.335,88.428
OE1,GLU,64,15.243,32.161,87.482
OE2,GLU,64,16.451,30.916,88.874
C,GLU,64,13.031,28.837,85.995
O,GLU,64,13.738,28.758,84.995
N,THR,65,11.682,28.836,85.928
CA,THR,65,10.981,28.944,84.683
CB,THR,65,9.757,28.084,84.593
OG1,THR,65,10.103,26.716,84.724
CG2,THR,65,9.064,28.344,83.242
C,THR,65,10.461,30.335,84.726
O,THR,65,9.658,30.658,85.596
N,TYR,66,10.908,31.202,83.804
CA,TYR,66,10.48,32.564,83.868
CB,TYR,66,11.659,33.504,84.181
CG,TYR,66,11.208,34.922,84.21
CD1,TYR,66,10.551,35.447,85.3
CD2,TYR,66,11.472,35.734,83.133
CE1,TYR,66,10.15,36.765,85.304
CE2,TYR,66,11.075,37.049,83.132
CZ,TYR,66,10.411,37.565,84.215
OH,TYR,66,10.004,38.916,84.21
C,TYR,66,9.928,32.916,82.523
O,TYR,66,10.469,32.486,81.506
N,ALA,67,8.812,33.68,82.469
CA,ALA,67,8.304,34.011,81.164
CB,ALA,67,7.355,32.945,80.59
C,ALA,67,7.546,35.309,81.202
O,ALA,67,6.891,35.635,82.19
N,GLU,68,7.625,36.095,80.104
CA,GLU,68,6.891,37.329,80.028
CB,GLU,68,7.797,38.571,79.932
CG,GLU,68,8.616,38.826,81.2
CD,GLU,68,9.536,40.017,80.958
OE1,GLU,68,9.325,40.736,79.943
OE2,GLU,68,10.463,40.223,81.785
C,GLU,68,6.085,37.267,78.773
O,GLU,68,6.635,37.078,77.691
N,LEU,69,4.75,37.423,78.874
CA,LEU,69,3.983,37.347,77.668
CB,LEU,69,2.839,36.324,77.717
CG,LEU,69,3.37,34.894,77.923
CD1,LEU,69,2.279,33.84,77.667
CD2,LEU,69,4.661,34.664,77.119
C,LEU,69,3.423,38.696,77.391
O,LEU,69,2.732,39.286,78.22
N,LYS,70,3.72,39.22,76.189
CA,LYS,70,3.273,40.539,75.868
CB,LYS,70,4.426,41.452,75.418
CG,LYS,70,5.512,41.6,76.485
CD,LYS,70,6.845,42.138,75.957
CE,LYS,70,7.047,43.635,76.194
NZ,LYS,70,6.131,44.41,75.329
C,LYS,70,2.311,40.452,74.728
O,LYS,70,2.537,39.715,73.771
N,LEU,71,1.182,41.18,74.84
CA,LEU,71,0.227,41.299,73.776
CB,LEU,71,-1.157,40.694,74.081
CG,LEU,71,-1.212,39.154,74.081
CD1,LEU,71,-0.971,38.585,72.673
CD2,LEU,71,-0.277,38.553,75.138
C,LEU,71,0.006,42.764,73.609
O,LEU,71,-0.457,43.429,74.532
N,GLY,72,0.318,43.314,72.423
CA,GLY,72,0.147,44.725,72.232
C,GLY,72,-0.489,44.925,70.89
O,GLY,72,-0.553,43.999,70.083
N,GLN,73,-0.994,46.145,70.618
CA,GLN,73,-1.629,46.36,69.348
CB,GLN,73,-3.12,46,69.372
CG,GLN,73,-3.827,46.224,68.038
CD,GLN,73,-5.275,45.802,68.221
OE1,GLN,73,-5.636,44.679,67.872
NE2,GLN,73,-6.121,46.705,68.786
C,GLN,73,-1.529,47.8,68.955
O,GLN,73,-1.693,48.692,69.784
N,GLU,74,-1.274,48.066,67.654
CA,GLU,74,-1.194,49.423,67.183
CB,GLU,74,-0.356,49.572,65.899
CG,GLU,74,-0.127,51.026,65.48
CD,GLU,74,0.922,51.044,64.377
OE1,GLU,74,1.658,50.031,64.236
OE2,GLU,74,1.004,52.077,63.662
C,GLU,74,-2.597,49.823,66.891
O,GLU,74,-3.202,49.377,65.918
N,VAL,75,-3.159,50.66,67.776
CA,VAL,75,-4.533,51.042,67.68
CB,VAL,75,-5.018,51.697,68.938
CG1,VAL,75,-4.926,50.657,70.069
CG2,VAL,75,-4.19,52.967,69.191
C,VAL,75,-4.811,51.939,66.512
O,VAL,75,-5.784,51.714,65.796
N,TRP,76,-3.975,52.971,66.267
CA,TRP,76,-4.328,53.903,65.226
CB,TRP,76,-5.03,55.137,65.822
CG,TRP,76,-5.437,56.233,64.869
CD2,TRP,76,-4.637,57.399,64.629
CD1,TRP,76,-6.578,56.388,64.138
NE1,TRP,76,-6.543,57.587,63.463
CE2,TRP,76,-5.353,58.22,63.759
CE3,TRP,76,-3.409,57.755,65.102
CZ2,TRP,76,-4.848,59.421,63.352
CZ3,TRP,76,-2.899,58.963,64.687
CH2,TRP,76,-3.607,59.779,63.832
C,TRP,76,-3.092,54.359,64.508
O,TRP,76,-2.041,54.562,65.114
N,LYS,77,-3.191,54.537,63.174
CA,LYS,77,-2.037,54.965,62.438
CB,LYS,77,-1.254,53.782,61.844
CG,LYS,77,0.1,54.148,61.237
CD,LYS,77,1.171,54.449,62.283
CE,LYS,77,2.589,54.471,61.71
NZ,LYS,77,3.57,54.243,62.795
C,LYS,77,-2.491,55.776,61.27
O,LYS,77,-3.299,55.321,60.463
N,GLU,78,-2.007,57.025,61.155
CA,GLU,78,-2.308,57.716,59.942
CB,GLU,78,-3.474,58.72,60.005
CG,GLU,78,-3.263,59.928,60.91
CD,GLU,78,-4.282,60.972,60.486
OE1,GLU,78,-4.153,61.463,59.335
OE2,GLU,78,-5.201,61.291,61.286
C,GLU,78,-1.069,58.438,59.554
O,GLU,78,-0.679,59.427,60.171
N,GLY,79,-0.411,57.961,58.489
CA,GLY,79,0.807,58.6,58.109
C,GLY,79,1.816,58.264,59.153
O,GLY,79,1.99,57.098,59.502
N,ASP,80,2.553,59.288,59.621
CA,ASP,80,3.547,59.139,60.642
CB,ASP,80,4.443,60.381,60.786
CG,ASP,80,5.321,60.458,59.543
OD1,ASP,80,5.212,59.541,58.687
OD2,ASP,80,6.114,61.431,59.434
C,ASP,80,2.898,58.883,61.973
O,ASP,80,3.416,58.121,62.789
N,LYS,81,1.734,59.513,62.224
CA,LYS,81,1.072,59.423,63.498
CB,LYS,81,-0.251,60.203,63.551
CG,LYS,81,-0.116,61.725,63.473
CD,LYS,81,0.623,62.349,64.654
CE,LYS,81,0.414,63.859,64.747
NZ,LYS,81,0.894,64.505,63.505
C,LYS,81,0.729,57.994,63.794
O,LYS,81,0.352,57.237,62.901
N,SER,82,0.867,57.595,65.08
CA,SER,82,0.556,56.244,65.447
CB,SER,82,1.701,55.287,65.081
OG,SER,82,1.381,53.958,65.451
C,SER,82,0.379,56.189,66.941
O,SER,82,0.961,56.991,67.67
N,PHE,83,-0.456,55.241,67.43
CA,PHE,83,-0.653,55.018,68.84
CB,PHE,83,-2.083,55.295,69.337
CG,PHE,83,-2.322,56.76,69.433
CD1,PHE,83,-1.882,57.451,70.539
CD2,PHE,83,-3,57.438,68.447
CE1,PHE,83,-2.1,58.802,70.656
CE2,PHE,83,-3.222,58.791,68.559
CZ,PHE,83,-2.77,59.474,69.664
C,PHE,83,-0.431,53.556,69.072
O,PHE,83,-0.964,52.716,68.348
N,TYR,84,0.352,53.203,70.107
CA,TYR,84,0.612,51.809,70.318
CB,TYR,84,2.1,51.459,70.099
CG,TYR,84,2.282,49.98,69.997
CD1,TYR,84,1.847,49.304,68.878
CD2,TYR,84,2.919,49.273,70.991
CE1,TYR,84,2.016,47.945,68.762
CE2,TYR,84,3.093,47.912,70.881
CZ,TYR,84,2.638,47.246,69.767
OH,TYR,84,2.812,45.85,69.647
C,TYR,84,0.24,51.486,71.736
O,TYR,84,0.477,52.279,72.647
N,PHE,85,-0.385,50.308,71.945
CA,PHE,85,-0.781,49.847,73.251
CB,PHE,85,-2.261,49.411,73.277
CG,PHE,85,-2.616,48.826,74.605
CD1,PHE,85,-2.683,49.615,75.731
CD2,PHE,85,-2.921,47.488,74.717
CE1,PHE,85,-3.02,49.075,76.95
CE2,PHE,85,-3.26,46.943,75.933
CZ,PHE,85,-3.307,47.736,77.054
C,PHE,85,0.086,48.661,73.569
O,PHE,85,0.264,47.787,72.723
N,ASP,86,0.669,48.61,74.792
CA,ASP,86,1.581,47.536,75.114
CB,ASP,86,3.053,47.979,75.021
CG,ASP,86,3.954,46.751,75.04
OD1,ASP,86,3.414,45.614,75.038
OD2,ASP,86,5.199,46.94,75.056
C,ASP,86,1.356,47.045,76.523
O,ASP,86,1.127,47.837,77.437
N,THR,87,1.417,45.707,76.738
CA,THR,87,1.227,45.169,78.063
CB,THR,87,-0.201,44.769,78.313
OG1,THR,87,-0.36,44.244,79.622
CG2,THR,87,-0.641,43.76,77.246
C,THR,87,2.159,43.996,78.282
O,THR,87,2.65,43.393,77.329
N,ASN,88,2.47,43.662,79.559
CA,ASN,88,3.368,42.564,79.821
CB,ASN,88,4.821,43.048,79.98
CG,ASN,88,5.796,41.88,79.961
OD1,ASN,88,7.004,42.103,79.925
ND2,ASN,88,5.285,40.62,79.975
C,ASN,88,2.973,41.898,81.11
O,ASN,88,2.833,42.558,82.138
N,VAL,89,2.786,40.56,81.098
CA,VAL,89,2.47,39.86,82.316
CB,VAL,89,1.175,39.103,82.251
CG1,VAL,89,0.996,38.327,83.567
CG2,VAL,89,0.039,40.095,81.943
C,VAL,89,3.567,38.86,82.531
O,VAL,89,3.937,38.136,81.61
N,ALA,90,4.116,38.775,83.761
CA,ALA,90,5.231,37.888,83.982
CB,ALA,90,6.44,38.581,84.635
C,ALA,90,4.836,36.762,84.891
O,ALA,90,4.027,36.937,85.803
N,TYR,91,5.411,35.562,84.636
CA,TYR,91,5.152,34.384,85.421
CB,TYR,91,4.44,33.272,84.626
CG,TYR,91,3.151,33.787,84.077
CD1,TYR,91,3.148,34.537,82.924
CD2,TYR,91,1.948,33.513,84.689
CE1,TYR,91,1.972,35.017,82.396
CE2,TYR,91,0.768,33.99,84.165
CZ,TYR,91,0.777,34.745,83.017
OH,TYR,91,-0.433,35.233,82.479
C,TYR,91,6.481,33.797,85.813
O,TYR,91,7.394,33.703,84.992
N,SER,92,6.634,33.388,87.09
CA,SER,92,7.858,32.753,87.494
CB,SER,92,8.757,33.637,88.374
OG,SER,92,8.125,33.878,89.622
C,SER,92,7.469,31.57,88.316
O,SER,92,6.61,31.674,89.188
N,VAL,93,8.091,30.402,88.055
CA,VAL,93,7.729,29.232,88.801
CB,VAL,93,6.618,28.466,88.142
CG1,VAL,93,7.072,28.05,86.739
CG2,VAL,93,6.209,27.3,89.043
C,VAL,93,8.943,28.355,88.961
O,VAL,93,9.923,28.477,88.228
N,ALA,94,8.89,27.455,89.965
CA,ALA,94,9.947,26.562,90.369
CB,ALA,94,9.622,25.81,91.672
C,ALA,94,10.265,25.544,89.316
O,ALA,94,11.401,25.086,89.211
N,GLN,95,9.256,25.115,88.542
CA,GLN,95,9.489,24.125,87.534
CB,GLN,95,10.553,24.574,86.538
CG,GLN,95,10.716,23.62,85.372
CD,GLN,95,11.545,24.36,84.35
OE1,GLN,95,12.71,24.684,84.58
NE2,GLN,95,10.912,24.643,83.182
C,GLN,95,9.901,22.841,88.183
O,GLN,95,10.676,22.062,87.627
N,GLN,96,9.454,22.644,89.436
CA,GLN,96,9.608,21.403,90.13
CB,GLN,96,9.52,21.572,91.655
CG,GLN,96,10.479,22.632,92.21
CD,GLN,96,11.892,22.353,91.715
OE1,GLN,96,12.723,23.258,91.668
NE2,GLN,96,12.179,21.081,91.335
C,GLN,96,8.516,20.456,89.71
O,GLN,96,8.72,19.247,89.637
N,ASN,97,7.296,20.981,89.451
CA,ASN,97,6.181,20.106,89.19
CB,ASN,97,5.242,19.945,90.397
CG,ASN,97,5.961,19.093,91.432
OD1,ASN,97,6.37,17.969,91.144
ND2,ASN,97,6.131,19.642,92.665
C,ASN,97,5.357,20.624,88.052
O,ASN,97,5.567,21.734,87.565
N,TRP,99,1.789,21.227,87.672
CA,TRP,99,0.963,22.385,87.808
CB,TRP,99,-0.55,22.115,87.881
CG,TRP,99,-1.356,23.391,87.966
CD2,TRP,99,-1.573,24.273,86.853
CD1,TRP,99,-1.961,23.973,89.041
NE1,TRP,99,-2.552,25.156,88.666
CE2,TRP,99,-2.315,25.357,87.323
CE3,TRP,99,-1.177,24.189,85.548
CZ2,TRP,99,-2.675,26.379,86.492
CZ3,TRP,99,-1.546,25.219,84.712
CH2,TRP,99,-2.278,26.292,85.177
C,TRP,99,1.378,23.109,89.038
O,TRP,99,1.238,22.612,90.154
N,GLU,100,1.926,24.322,88.847
CA,GLU,100,2.348,25.097,89.97
CB,GLU,100,3.868,25.314,90.002
CG,GLU,100,4.64,23.998,90.14
CD,GLU,100,6.105,24.331,90.36
OE1,GLU,100,6.373,25.383,91
OE2,GLU,100,6.975,23.546,89.898
C,GLU,100,1.656,26.419,89.87
O,GLU,100,1.855,27.172,88.916
N,ALA,101,0.804,26.718,90.869
CA,ALA,101,0.036,27.93,90.854
CB,ALA,101,-1.163,27.911,91.82
C,ALA,101,0.918,29.069,91.236
O,ALA,101,1.865,28.91,92.005
N,PHE,106,1.718,42.053,86.998
CA,PHE,106,1.341,42.861,85.873
CB,PHE,106,-0.054,43.484,86.086
CG,PHE,106,-0.509,44.222,84.875
CD1,PHE,106,-0.92,43.537,83.753
CD2,PHE,106,-0.562,45.597,84.874
CE1,PHE,106,-1.352,44.215,82.639
CE2,PHE,106,-0.994,46.28,83.762
CZ,PHE,106,-1.389,45.589,82.641
C,PHE,106,2.357,43.96,85.787
O,PHE,106,2.205,45.011,86.405
N,ARG,107,3.441,43.707,85.027
CA,ARG,107,4.564,44.593,84.863
CB,ARG,107,5.764,43.87,84.241
CG,ARG,107,6.471,42.913,85.202
CD,ARG,107,7.484,42.027,84.477
NE,ARG,107,8.428,41.46,85.478
CZ,ARG,107,9.643,42.054,85.668
NH1,ARG,107,9.983,43.169,84.958
NH2,ARG,107,10.525,41.527,86.565
C,ARG,107,4.299,45.814,84.033
O,ARG,107,4.744,46.902,84.399
N,GLU,108,3.604,45.703,82.881
CA,GLU,108,3.503,46.928,82.141
CB,GLU,108,4.718,47.183,81.228
CG,GLU,108,5.046,46.034,80.275
CD,GLU,108,6.337,46.393,79.553
OE1,GLU,108,6.795,47.558,79.701
OE2,GLU,108,6.886,45.505,78.848
C,GLU,108,2.248,47.022,81.344
O,GLU,108,1.778,46.048,80.761
N,ALA,109,1.645,48.23,81.369
CA,ALA,109,0.519,48.548,80.546
CB,ALA,109,-0.83,48.308,81.242
C,ALA,109,0.634,50.018,80.282
O,ALA,109,0.34,50.826,81.16
N,ASN,110,1.023,50.409,79.05
CA,ASN,110,1.222,51.807,78.772
CB,ASN,110,2.692,52.246,78.878
CG,ASN,110,3.479,51.519,77.794
OD1,ASN,110,3.663,52.043,76.696
ND2,ASN,110,3.953,50.282,78.1
C,ASN,110,0.801,52.105,77.36
O,ASN,110,0.533,51.197,76.574
N,VAL,111,0.708,53.413,77.016
CA,VAL,111,0.355,53.834,75.684
CB,VAL,111,-0.973,54.533,75.609
CG1,VAL,111,-1.169,55.074,74.183
CG2,VAL,111,-2.069,53.547,76.042
C,VAL,111,1.389,54.811,75.216
O,VAL,111,1.785,55.714,75.95
N,GLN,112,1.849,54.659,73.958
CA,GLN,112,2.864,55.537,73.451
CB,GLN,112,4.124,54.775,73.015
CG,GLN,112,4.75,53.954,74.143
CD,GLN,112,5.9,53.147,73.558
OE1,GLN,112,6.921,53.696,73.145
NE2,GLN,112,5.729,51.799,73.516
C,GLN,112,2.305,56.186,72.227
O,GLN,112,1.692,55.522,71.392
N,GLY,113,2.5,57.512,72.086
CA,GLY,113,1.983,58.174,70.922
C,GLY,113,3.138,58.806,70.218
O,GLY,113,3.809,59.684,70.757
N,LYS,114,3.363,58.402,68.956
CA,LYS,114,4.493,58.882,68.218
CB,LYS,114,5.136,57.781,67.356
CG,LYS,114,5.691,56.611,68.172
CD,LYS,114,6.024,55.376,67.331
CE,LYS,114,4.911,54.327,67.292
NZ,LYS,114,4.895,53.559,68.558
C,LYS,114,4.059,59.966,67.283
O,LYS,114,2.997,59.902,66.666
N,ASN,115,4.905,61.009,67.194
CA,ASN,115,4.763,62.118,66.293
CB,ASN,115,4.846,61.702,64.813
CG,ASN,115,6.281,61.271,64.538
OD1,ASN,115,7.231,61.859,65.054
ND2,ASN,115,6.446,60.208,63.706
C,ASN,115,3.477,62.849,66.5
O,ASN,115,3.006,63.52,65.584
N,LEU,116,2.883,62.769,67.702
CA,LEU,116,1.653,63.464,67.961
CB,LEU,116,1.026,63.056,69.303
CG,LEU,116,0.629,61.568,69.333
CD1,LEU,116,-0.018,61.186,70.673
CD2,LEU,116,-0.242,61.205,68.121
C,LEU,116,1.894,64.949,67.978
O,LEU,116,1.03,65.722,67.562
N,ILE,117,3.078,65.387,68.461
CA,ILE,117,3.361,66.793,68.628
CB,ILE,117,4.216,67.066,69.839
CG2,ILE,117,4.575,68.561,69.852
CG1,ILE,117,3.515,66.599,71.125
CD1,ILE,117,2.245,67.379,71.444
C,ILE,117,4.147,67.281,67.45
O,ILE,117,5.299,66.903,67.245
N,GLU,118,3.542,68.188,66.662
CA,GLU,118,4.178,68.662,65.468
CB,GLU,118,3.273,69.582,64.635
CG,GLU,118,2.058,68.849,64.067
CD,GLU,118,1.321,69.799,63.136
OE1,GLU,118,1.848,70.049,62.021
OE2,GLU,118,0.225,70.285,63.526
C,GLU,118,5.438,69.413,65.78
O,GLU,118,6.453,69.199,65.12
N,TRP,119,5.445,70.28,66.815
CA,TRP,119,6.613,71.102,66.988
CB,TRP,119,6.479,72.27,67.997
CG,TRP,119,6.313,71.971,69.47
CD2,TRP,119,5.048,71.781,70.125
CD1,TRP,119,7.266,71.884,70.442
NE1,TRP,119,6.674,71.654,71.663
CE2,TRP,119,5.308,71.586,71.482
CE3,TRP,119,3.773,71.777,69.638
CZ2,TRP,119,4.292,71.38,72.373
CZ3,TRP,119,2.753,71.561,70.537
CH2,TRP,119,3.007,71.365,71.879
C,TRP,119,7.84,70.281,67.278
O,TRP,119,8.918,70.633,66.799
N,LEU,120,7.742,69.189,68.077
CA,LEU,120,8.927,68.385,68.283
CB,LEU,120,9.127,67.811,69.7
CG,LEU,120,8.965,68.78,70.875
CD1,LEU,120,9.817,70.04,70.708
CD2,LEU,120,7.485,69.037,71.176
C,LEU,120,8.721,67.139,67.479
O,LEU,120,7.99,66.253,67.918
N,PRO,121,9.333,67.009,66.336
CA,PRO,121,9.1,65.826,65.552
CD,PRO,121,9.618,68.163,65.502
CB,PRO,121,9.327,66.225,64.093
CG,PRO,121,10.085,67.56,64.169
C,PRO,121,9.899,64.633,65.971
O,PRO,121,10.998,64.797,66.499
N,GLY,122,9.347,63.424,65.728
CA,GLY,122,10.017,62.18,65.98
C,GLY,122,9.959,61.85,67.439
O,GLY,122,10.53,60.849,67.866
N,SER,123,9.238,62.654,68.242
CA,SER,123,9.234,62.419,69.659
CB,SER,123,9.337,63.708,70.487
OG,SER,123,8.209,64.536,70.246
C,SER,123,7.965,61.736,70.049
O,SER,123,6.934,61.891,69.399
N,THR,124,8.038,60.955,71.149
CA,THR,124,6.928,60.178,71.623
CB,THR,124,7.261,58.717,71.745
OG1,THR,124,7.687,58.207,70.49
CG2,THR,124,6.021,57.95,72.239
C,THR,124,6.572,60.633,73.003
O,THR,124,7.419,61.06,73.774
N,ILE,125,5.266,60.556,73.329
CA,ILE,125,4.799,60.873,74.643
CB,ILE,125,3.734,61.929,74.657
CG2,ILE,125,4.327,63.209,74.043
CG1,ILE,125,2.482,61.427,73.923
CD1,ILE,125,1.258,62.319,74.121
C,ILE,125,4.175,59.6,75.112
O,ILE,125,3.501,58.915,74.346
N,TRP,126,4.426,59.217,76.375
CA,TRP,126,3.875,57.976,76.83
CB,TRP,126,4.877,56.817,76.683
CG,TRP,126,6.177,57.048,77.42
CD2,TRP,126,6.502,56.472,78.694
CD1,TRP,126,7.263,57.784,77.041
NE1,TRP,126,8.239,57.713,78.007
CE2,TRP,126,7.786,56.904,79.028
CE3,TRP,126,5.793,55.645,79.516
CZ2,TRP,126,8.381,56.515,80.194
CZ3,TRP,126,6.395,55.259,80.693
CH2,TRP,126,7.664,55.685,81.026
C,TRP,126,3.536,58.117,78.277
O,TRP,126,4.086,58.964,78.976
N,ALA,127,2.576,57.301,78.755
CA,ALA,127,2.225,57.302,80.143
CB,ALA,127,1.054,58.238,80.484
C,ALA,127,1.792,55.908,80.45
O,ALA,127,1.266,55.21,79.585
N,GLY,128,2.023,55.448,81.692
CA,GLY,128,1.595,54.12,82.015
C,GLY,128,2.748,53.39,82.621
O,GLY,128,3.835,53.937,82.791
N,LYS,129,2.531,52.106,82.96
CA,LYS,129,3.57,51.315,83.553
CB,LYS,129,3,50.093,84.296
CG,LYS,129,3.961,49.408,85.267
CD,LYS,129,3.246,48.385,86.154
CE,LYS,129,1.94,48.91,86.756
NZ,LYS,129,1.107,47.782,87.231
C,LYS,129,4.403,50.806,82.414
O,LYS,129,3.884,50.11,81.542
N,ARG,130,5.718,51.133,82.373
CA,ARG,130,6.48,50.69,81.234
CB,ARG,130,6.507,51.734,80.099
CG,ARG,130,7.306,51.31,78.862
CD,ARG,130,7.23,52.311,77.703
NE,ARG,130,8.503,53.083,77.667
CZ,ARG,130,8.626,54.159,76.836
NH1,ARG,130,7.569,54.57,76.081
NH2,ARG,130,9.8,54.845,76.759
C,ARG,130,7.915,50.422,81.597
O,ARG,130,8.47,51.061,82.489
N,PHE,131,8.557,49.452,80.896
CA,PHE,131,9.967,49.235,81.087
CB,PHE,131,10.563,47.946,80.48
CG,PHE,131,10.036,46.694,81.098
CD1,PHE,131,10.083,46.482,82.456
CD2,PHE,131,9.562,45.687,80.29
CE1,PHE,131,9.615,45.309,83.002
CE2,PHE,131,9.095,44.511,80.828
CZ,PHE,131,9.116,44.321,82.188
C,PHE,131,10.605,50.332,80.284
O,PHE,131,10.365,50.432,79.081
N,TYR,132,11.457,51.18,80.903
CA,TYR,132,11.931,52.324,80.165
CB,TYR,132,11.562,53.619,80.919
CG,TYR,132,12.023,54.841,80.203
CD1,TYR,132,11.306,55.348,79.14
CD2,TYR,132,13.152,55.5,80.62
CE1,TYR,132,11.728,56.483,78.49
CE2,TYR,132,13.581,56.637,79.976
CZ,TYR,132,12.868,57.127,78.909
OH,TYR,132,13.304,58.292,78.245
C,TYR,132,13.426,52.29,79.959
O,TYR,132,14.199,52.531,80.885
N,GLN,133,13.859,52.022,78.706
CA,GLN,133,15.238,52.044,78.275
CB,GLN,133,15.763,53.453,77.953
CG,GLN,133,15.042,54.091,76.766
CD,GLN,133,15.769,55.379,76.416
OE1,GLN,133,16.95,55.359,76.072
NE2,GLN,133,15.049,56.529,76.502
C,GLN,133,16.142,51.393,79.274
O,GLN,133,17.002,52.043,79.868
N,ARG,134,15.973,50.075,79.478
CA,ARG,134,16.775,49.354,80.422
CB,ARG,134,16.143,47.999,80.791
CG,ARG,134,14.693,48.122,81.268
CD,ARG,134,14.041,46.786,81.631
NE,ARG,134,13.96,45.97,80.387
CZ,ARG,134,13.45,44.704,80.429
NH1,ARG,134,12.977,44.195,81.603
NH2,ARG,134,13.428,43.942,79.298
C,ARG,134,18.109,49.065,79.801
O,ARG,134,18.195,48.729,78.621
N,HIS,135,19.2,49.2,80.584
CA,HIS,135,20.503,48.864,80.075
ND1,HIS,135,22.214,52.17,79.104
CG,HIS,135,21.264,51.22,79.411
CB,HIS,135,21.551,49.984,80.216
NE2,HIS,135,20.304,52.879,78.219
CD2,HIS,135,20.103,51.671,78.864
CE1,HIS,135,21.586,53.138,78.391
C,HIS,135,20.996,47.72,80.918
O,HIS,135,21.094,47.851,82.137
N,ASP,136,21.313,46.558,80.299
CA,ASP,136,21.735,45.431,81.092
CB,ASP,136,20.609,44.426,81.389
CG,ASP,136,20.141,43.841,80.065
OD1,ASP,136,20.051,44.612,79.073
OD2,ASP,136,19.875,42.61,80.025
C,ASP,136,22.845,44.677,80.409
O,ASP,136,23.214,44.988,79.277
N,VAL,137,23.441,43.681,81.114
CA,VAL,137,24.492,42.865,80.549
CB,VAL,137,25.748,42.881,81.365
CG1,VAL,137,26.789,41.974,80.685
CG2,VAL,137,26.198,44.343,81.542
C,VAL,137,24.004,41.441,80.524
O,VAL,137,23.832,40.811,81.565
N,HIS,138,23.871,40.856,79.319
CA,HIS,138,23.19,39.599,79.143
ND1,HIS,138,20.8,38.152,77.271
CG,HIS,138,22.159,38.028,77.459
CB,HIS,138,23.088,39.188,77.664
NE2,HIS,138,21.25,35.975,77.24
CD2,HIS,138,22.417,36.692,77.436
CE1,HIS,138,20.306,36.894,77.146
C,HIS,138,23.777,38.437,79.902
O,HIS,138,23.043,37.728,80.586
N,MET,139,25.103,38.217,79.852
CA,MET,139,25.67,37.028,80.441
CB,MET,139,27.204,37.048,80.41
CG,MET,139,27.832,37.152,79.025
SD,MET,139,29.626,37.45,79.07
CE,MET,139,30.028,35.902,79.931
C,MET,139,25.352,36.978,81.901
O,MET,139,25.062,35.918,82.45
N,ILE,140,25.522,38.119,82.581
CA,ILE,140,25.277,38.291,83.981
CB,ILE,140,26.128,39.382,84.574
CG2,ILE,140,27.593,38.926,84.433
CG1,ILE,140,25.857,40.749,83.932
CD1,ILE,140,26.658,41.878,84.583
C,ILE,140,23.814,38.44,84.293
O,ILE,140,23.381,38.176,85.413
N,ASP,141,23.008,38.932,83.335
CA,ASP,141,21.615,39.163,83.606
CB,ASP,141,20.905,37.919,84.166
CG,ASP,141,19.401,38.135,84.081
OD1,ASP,141,18.982,39.229,83.616
OD2,ASP,141,18.651,37.204,84.477
C,ASP,141,21.546,40.256,84.627
O,ASP,141,20.647,40.302,85.465
N,PHE,142,22.509,41.192,84.551
CA,PHE,142,22.586,42.287,85.472
CB,PHE,142,24.038,42.506,85.944
CG,PHE,142,24.149,43.569,86.984
CD1,PHE,142,23.575,43.415,88.225
CD2,PHE,142,24.885,44.703,86.731
CE1,PHE,142,23.7,44.395,89.184
CE2,PHE,142,25.015,45.686,87.683
CZ,PHE,142,24.42,45.535,88.913
C,PHE,142,22.09,43.517,84.769
O,PHE,142,22.443,43.77,83.619
N,TYR,143,21.231,44.31,85.448
CA,TYR,143,20.704,45.517,84.859
CB,TYR,143,19.194,45.729,85.092
CG,TYR,143,18.396,44.869,84.175
CD1,TYR,143,18.192,43.532,84.425
CD2,TYR,143,17.83,45.43,83.055
CE1,TYR,143,17.443,42.769,83.558
CE2,TYR,143,17.081,44.674,82.186
CZ,TYR,143,16.886,43.339,82.437
OH,TYR,143,16.118,42.561,81.547
C,TYR,143,21.356,46.694,85.52
O,TYR,143,21.068,47.006,86.672
N,TYR,144,22.273,47.366,84.799
CA,TYR,144,22.985,48.52,85.283
CB,TYR,144,24.389,48.733,84.671
CG,TYR,144,24.41,48.695,83.182
CD1,TYR,144,24.435,47.486,82.524
CD2,TYR,144,24.449,49.857,82.447
CE1,TYR,144,24.475,47.434,81.15
CE2,TYR,144,24.49,49.81,81.074
CZ,TYR,144,24.5,48.599,80.423
OH,TYR,144,24.543,48.553,79.014
C,TYR,144,22.204,49.804,85.328
O,TYR,144,22.564,50.692,86.101
N,TRP,145,21.208,50.009,84.44
CA,TRP,145,20.459,51.24,84.517
CB,TRP,145,20.92,52.241,83.439
CG,TRP,145,20.357,53.641,83.518
CD2,TRP,145,20.704,54.682,82.589
CD1,TRP,145,19.494,54.197,84.417
NE1,TRP,145,19.282,55.52,84.106
CE2,TRP,145,20.022,55.831,82.983
CE3,TRP,145,21.528,54.68,81.497
CZ2,TRP,145,20.155,57.002,82.29
CZ3,TRP,145,21.656,55.861,80.797
CH2,TRP,145,20.983,57.001,81.187
C,TRP,145,19.021,50.891,84.242
O,TRP,145,18.673,50.619,83.094
N,ASP,146,18.139,50.897,85.273
CA,ASP,146,16.764,50.539,85.03
CB,ASP,146,16.503,49.027,85.15
CG,ASP,146,15.116,48.717,84.603
OD1,ASP,146,14.374,49.674,84.25
OD2,ASP,146,14.781,47.505,84.536
C,ASP,146,15.851,51.237,86.008
O,ASP,146,15.741,50.862,87.174
N,ILE,147,15.23,52.328,85.529
CA,ILE,147,14.261,53.22,86.109
CB,ILE,147,14.326,54.561,85.433
CG2,ILE,147,14.167,54.351,83.923
CG1,ILE,147,13.356,55.576,86.049
CD1,ILE,147,13.599,56.998,85.54
C,ILE,147,12.844,52.692,86.086
O,ILE,147,11.968,53.227,86.763
N,SER,148,12.542,51.71,85.217
CA,SER,148,11.195,51.27,84.938
CB,SER,148,11.145,49.966,84.12
OG,SER,148,11.804,48.916,84.815
C,SER,148,10.299,51.13,86.142
O,SER,148,10.716,50.761,87.238
N,GLY,149,9.001,51.453,85.918
CA,GLY,149,7.94,51.429,86.89
C,GLY,149,6.823,52.231,86.29
O,GLY,149,6.796,52.438,85.076
N,PRO,150,5.88,52.68,87.075
CA,PRO,150,4.841,53.501,86.507
CD,PRO,150,5.386,51.867,88.175
CB,PRO,150,3.717,53.521,87.54
CG,PRO,150,3.883,52.179,88.278
C,PRO,150,5.445,54.842,86.222
O,PRO,150,6.437,55.174,86.867
N,GLY,151,4.901,55.627,85.263
CA,GLY,151,5.512,56.905,85.016
C,GLY,151,5.009,57.494,83.731
O,GLY,151,4.036,57.019,83.147
N,ALA,152,5.669,58.586,83.277
CA,ALA,152,5.293,59.249,82.055
CB,ALA,152,4.129,60.239,82.236
C,ALA,152,6.481,60.035,81.569
O,ALA,152,7.419,60.267,82.332
N,GLY,153,6.485,60.449,80.275
CA,GLY,153,7.596,61.229,79.784
C,GLY,153,7.461,61.571,78.32
O,GLY,153,6.577,61.077,77.619
N,LEU,154,8.368,62.459,77.838
CA,LEU,154,8.445,62.871,76.46
CB,LEU,154,8.459,64.4,76.289
CG,LEU,154,8.365,64.856,74.822
CD1,LEU,154,7.013,64.455,74.21
CD2,LEU,154,8.65,66.36,74.674
C,LEU,154,9.757,62.338,75.964
O,LEU,154,10.811,62.648,76.519
N,GLU,155,9.742,61.535,74.884
CA,GLU,155,10.945,60.859,74.494
CB,GLU,155,10.753,59.329,74.482
CG,GLU,155,12.035,58.504,74.351
CD,GLU,155,11.643,57.036,74.494
OE1,GLU,155,10.463,56.775,74.849
OE2,GLU,155,12.516,56.161,74.258
C,GLU,155,11.408,61.297,73.133
O,GLU,155,10.618,61.708,72.286
N,ASN,156,12.739,61.203,72.918
CA,ASN,156,13.428,61.472,71.681
CB,ASN,156,13.11,60.447,70.58
CG,ASN,156,13.711,59.116,71.003
OD1,ASN,156,14.885,59.041,71.362
ND2,ASN,156,12.885,58.036,70.968
C,ASN,156,13.172,62.834,71.107
O,ASN,156,12.777,62.948,69.948
N,ILE,157,13.406,63.91,71.883
CA,ILE,157,13.289,65.229,71.327
CB,ILE,157,13.13,66.308,72.363
CG2,ILE,157,13.076,67.664,71.639
CG1,ILE,157,11.889,66.039,73.231
CD1,ILE,157,11.825,66.916,74.48
C,ILE,157,14.585,65.469,70.606
O,ILE,157,15.649,65.124,71.12
N,ASP,158,14.526,66.039,69.382
CA,ASP,158,15.712,66.23,68.582
CB,ASP,158,15.412,66.264,67.069
CG,ASP,158,16.712,66.452,66.288
OD1,ASP,158,17.808,66.369,66.908
OD2,ASP,158,16.623,66.679,65.053
C,ASP,158,16.371,67.534,68.927
O,ASP,158,15.883,68.613,68.592
N,VAL,159,17.499,67.43,69.654
CA,VAL,159,18.359,68.491,70.099
CB,VAL,159,19.2,68.061,71.26
CG1,VAL,159,20.089,69.239,71.675
CG2,VAL,159,18.267,67.535,72.365
C,VAL,159,19.258,68.961,68.975
O,VAL,159,19.826,70.044,69.054
N,GLY,160,19.493,68.12,67.952
CA,GLY,160,20.306,68.483,66.823
C,GLY,160,21.581,67.705,66.903
O,GLY,160,21.849,66.861,66.05
N,PHE,161,22.401,67.977,67.936
CA,PHE,161,23.604,67.226,68.151
CB,PHE,161,24.652,67.945,69.028
CG,PHE,161,24.042,68.462,70.282
CD1,PHE,161,23.425,69.691,70.278
CD2,PHE,161,24.105,67.75,71.456
CE1,PHE,161,22.862,70.196,71.423
CE2,PHE,161,23.541,68.252,72.607
CZ,PHE,161,22.921,69.478,72.592
C,PHE,161,23.248,65.878,68.689
O,PHE,161,23.93,64.888,68.416
N,GLY,162,22.166,65.809,69.489
CA,GLY,162,21.779,64.543,70.036
C,GLY,162,20.315,64.588,70.355
O,GLY,162,19.64,65.588,70.113
N,LYS,163,19.796,63.473,70.914
CA,LYS,163,18.406,63.342,71.256
CB,LYS,163,17.817,61.974,70.862
CG,LYS,163,17.752,61.726,69.352
CD,LYS,163,16.778,62.638,68.605
CE,LYS,163,16.773,62.42,67.09
NZ,LYS,163,16.077,61.158,66.753
C,LYS,163,18.268,63.465,72.746
O,LYS,163,19.049,62.89,73.505
N,LEU,164,17.25,64.224,73.204
CA,LEU,164,17.059,64.447,74.612
CB,LEU,164,17.021,65.947,74.963
CG,LEU,164,16.818,66.249,76.458
CD1,LEU,164,18.05,65.845,77.282
CD2,LEU,164,16.397,67.711,76.679
C,LEU,164,15.747,63.85,75.033
O,LEU,164,14.73,64.024,74.364
N,SER,165,15.732,63.125,76.174
CA,SER,165,14.508,62.504,76.614
CB,SER,165,14.536,60.976,76.493
OG,SER,165,14.778,60.607,75.144
C,SER,165,14.286,62.816,78.07
O,SER,165,15.239,62.97,78.834
N,LEU,166,13.001,62.917,78.492
CA,LEU,166,12.691,63.231,79.867
CB,LEU,166,12.092,64.636,80.047
CG,LEU,166,13.043,65.77,79.613
CD1,LEU,166,12.428,67.156,79.871
CD2,LEU,166,14.428,65.609,80.257
C,LEU,166,11.679,62.251,80.407
O,LEU,166,10.795,61.805,79.676
N,ALA,167,11.788,61.88,81.712
CA,ALA,167,10.826,60.963,82.275
CB,ALA,167,11.096,59.494,81.9
C,ALA,167,10.815,61.026,83.776
O,ALA,167,11.788,61.427,84.416
N,ALA,168,9.666,60.626,84.37
CA,ALA,168,9.5,60.541,85.796
CB,ALA,168,8.526,61.592,86.354
C,ALA,168,8.911,59.184,86.062
O,ALA,168,7.957,58.777,85.402
N,THR,169,9.47,58.435,87.037
CA,THR,169,8.962,57.122,87.341
CB,THR,169,9.872,56.013,86.904
OG1,THR,169,11.102,56.089,87.607
CG2,THR,169,10.116,56.147,85.392
C,THR,169,8.837,57.033,88.832
O,THR,169,9.337,57.899,89.55
N,ARG,170,8.154,55.985,89.345
CA,ARG,170,7.975,55.912,90.769
CB,ARG,170,6.561,56.315,91.225
CG,ARG,170,6.357,56.21,92.736
CD,ARG,170,5.076,56.87,93.226
NE,ARG,170,5.289,58.339,93.122
CZ,ARG,170,4.289,59.199,93.47
NH1,ARG,170,3.076,58.711,93.865
NH2,ARG,170,4.503,60.546,93.421
C,ARG,170,8.253,54.535,91.298
O,ARG,170,8.221,53.542,90.573
N,SER,171,8.572,54.482,92.611
CA,SER,171,8.809,53.282,93.363
CB,SER,171,10.294,52.884,93.441
OG,SER,171,11.046,53.896,94.095
C,SER,171,8.34,53.582,94.751
O,SER,171,7.994,54.723,95.05
N,SER,172,8.261,52.559,95.627
CA,SER,172,7.845,52.833,96.972
CB,SER,172,6.313,52.855,97.117
OG,SER,172,5.94,53.133,98.457
C,SER,172,8.386,51.748,97.854
O,SER,172,8.32,50.567,97.519
N,GLU,173,8.943,52.142,99.018
CA,GLU,173,9.526,51.227,99.962
CB,GLU,173,10.605,51.91,100.818
CG,GLU,173,11.72,52.514,99.961
CD,GLU,173,12.723,53.229,100.856
OE1,GLU,173,13.655,52.548,101.359
OE2,GLU,173,12.577,54.466,101.038
C,GLU,173,8.437,50.724,100.868
O,GLU,173,7.446,51.411,101.108
N,ALA,174,8.63,49.518,101.442
CA,ALA,174,7.62,48.851,102.225
CB,ALA,174,8.094,47.493,102.771
C,ALA,174,7.194,49.681,103.401
O,ALA,174,6.007,49.736,103.72
N,GLY,175,8.141,50.339,104.092
CA,GLY,175,7.793,51.145,105.231
C,GLY,175,8.948,52.076,105.403
O,GLY,175,9.875,52.049,104.598
N,GLY,176,8.976,52.875,106.49
CA,GLY,176,10.077,53.786,106.634
C,GLY,176,9.622,55.157,107.027
O,GLY,176,10.455,56.012,107.328
N,SER,177,8.3,55.412,107.033
CA,SER,177,7.798,56.703,107.432
CB,SER,177,6.83,57.325,106.412
OG,SER,177,7.512,57.625,105.204
C,SER,177,7.039,56.542,108.72
O,SER,177,6.642,55.436,109.08
N,SER,178,6.837,57.65,109.472
CA,SER,178,6.127,57.54,110.722
CB,SER,178,7.038,57.656,111.961
OG,SER,178,6.274,57.538,113.153
C,SER,178,5.075,58.604,110.826
O,SER,178,5.266,59.739,110.394
N,SER,179,3.923,58.239,111.433
CA,SER,179,2.794,59.119,111.598
CB,SER,179,1.561,58.404,112.182
OG,SER,179,1.121,57.385,111.297
C,SER,179,3.138,60.232,112.542
O,SER,179,2.641,61.349,112.397
N,PHE,180,3.981,59.946,113.554
CA,PHE,180,4.343,60.935,114.531
CB,PHE,180,3.618,60.752,115.878
CG,PHE,180,3.956,59.394,116.402
CD1,PHE,180,5.074,59.182,117.175
CD2,PHE,180,3.144,58.319,116.116
CE1,PHE,180,5.377,57.926,117.648
CE2,PHE,180,3.441,57.061,116.586
CZ,PHE,180,4.557,56.862,117.357
C,PHE,180,5.804,60.786,114.798
O,PHE,180,6.406,59.782,114.424
N,ALA,181,6.427,61.802,115.43
CA,ALA,181,7.831,61.698,115.708
CB,ALA,181,8.476,63.025,116.153
C,ALA,181,8.022,60.701,116.805
O,ALA,181,7.284,60.691,117.788
N,SER,182,9.033,59.822,116.652
CA,SER,182,9.314,58.849,117.666
CB,SER,182,8.462,57.575,117.544
OG,SER,182,8.732,56.92,116.314
C,SER,182,10.749,58.455,117.517
O,SER,182,11.337,58.593,116.447
N,ASN,183,11.381,58.04,118.627
CA,ASN,183,12.728,57.553,118.583
CB,ASN,183,13.425,57.542,119.953
CG,ASN,183,12.674,56.578,120.857
OD1,ASN,183,11.599,56.888,121.367
ND2,ASN,183,13.25,55.362,121.054
C,ASN,183,12.714,56.147,118.073
O,ASN,183,13.661,55.692,117.433
N,ASN,184,11.615,55.423,118.361
CA,ASN,184,11.513,54.02,118.092
CB,ASN,184,10.248,53.414,118.718
CG,ASN,184,10.47,51.928,118.925
OD1,ASN,184,11.595,51.433,118.897
ND2,ASN,184,9.356,51.186,119.153
C,ASN,184,11.478,53.775,116.616
O,ASN,184,10.696,54.371,115.878
N,ILE,185,12.351,52.863,116.152
CA,ILE,185,12.431,52.523,114.763
CB,ILE,185,13.588,51.606,114.459
CG2,ILE,185,13.347,50.262,115.162
CG1,ILE,185,13.817,51.484,112.943
CD1,ILE,185,14.371,52.753,112.296
C,ILE,185,11.153,51.846,114.363
O,ILE,185,10.583,52.139,113.315
N,TYR,186,10.622,50.993,115.257
CA,TYR,186,9.491,50.135,115.039
CB,TYR,186,9.064,49.384,116.315
CG,TYR,186,10.17,48.477,116.743
CD1,TYR,186,11.216,48.953,117.504
CD2,TYR,186,10.157,47.147,116.389
CE1,TYR,186,12.233,48.112,117.901
CE2,TYR,186,11.169,46.304,116.784
CZ,TYR,186,12.211,46.785,117.54
OH,TYR,186,13.252,45.923,117.947
C,TYR,186,8.316,50.951,114.595
O,TYR,186,7.381,50.425,113.997
N,ASP,187,8.284,52.233,114.981
CA,ASP,187,7.229,53.149,114.644
CB,ASP,187,7.334,54.476,115.412
CG,ASP,187,6.96,54.204,116.863
OD1,ASP,187,6.124,53.29,117.097
OD2,ASP,187,7.506,54.908,117.755
C,ASP,187,7.192,53.478,113.17
O,ASP,187,6.152,53.915,112.678
N,TYR,188,8.313,53.328,112.428
CA,TYR,188,8.335,53.767,111.05
CB,TYR,188,9.735,54.238,110.62
CG,TYR,188,10.13,55.417,111.446
CD1,TYR,188,10.316,55.286,112.803
CD2,TYR,188,10.357,56.643,110.863
CE1,TYR,188,10.688,56.361,113.573
CE2,TYR,188,10.731,57.723,111.63
CZ,TYR,188,10.896,57.585,112.986
OH,TYR,188,11.279,58.691,113.775
C,TYR,188,7.987,52.629,110.13
O,TYR,188,8.832,52.113,109.4
N,THR,189,6.713,52.208,110.176
CA,THR,189,6.097,51.164,109.407
CB,THR,189,5.012,50.484,110.182
OG1,THR,189,4.508,49.374,109.459
CG2,THR,189,3.899,51.498,110.463
C,THR,189,5.532,51.595,108.075
O,THR,189,5.203,50.743,107.252
N,ASN,190,5.308,52.905,107.859
CA,ASN,190,4.57,53.377,106.714
CB,ASN,190,4.137,54.844,106.862
CG,ASN,190,3.141,54.9,108.009
OD1,ASN,190,1.948,54.667,107.824
ND2,ASN,190,3.648,55.204,109.234
C,ASN,190,5.321,53.27,105.425
O,ASN,190,6.51,53.569,105.336
N,GLU,191,4.591,52.874,104.36
CA,GLU,191,5.163,52.769,103.054
CB,GLU,191,4.151,52.273,102.009
CG,GLU,191,4.761,51.898,100.66
CD,GLU,191,3.641,51.323,99.802
OE1,GLU,191,2.527,51.102,100.346
OE2,GLU,191,3.888,51.09,98.588
C,GLU,191,5.59,54.156,102.693
O,GLU,191,4.857,55.116,102.925
N,THR,192,6.813,54.296,102.144
CA,THR,192,7.329,55.587,101.791
CB,THR,192,8.586,55.915,102.546
OG1,THR,192,9.1,57.174,102.141
CG2,THR,192,9.617,54.8,102.319
C,THR,192,7.64,55.58,100.322
O,THR,192,8.409,54.748,99.845
N,ALA,193,7.031,56.513,99.56
CA,ALA,193,7.208,56.55,98.133
CB,ALA,193,5.989,57.112,97.379
C,ALA,193,8.394,57.381,97.753
O,ALA,193,8.71,58.374,98.407
N,ASN,194,9.069,56.991,96.648
CA,ASN,194,10.202,57.72,96.149
CB,ASN,194,11.503,56.898,96.162
CG,ASN,194,11.863,56.595,97.614
OD1,ASN,194,11.023,56.162,98.405
ND2,ASN,194,13.152,56.831,97.979
C,ASN,194,9.897,58.099,94.722
O,ASN,194,9.163,57.392,94.034
N,ASP,195,10.437,59.25,94.255
CA,ASP,195,10.204,59.743,92.917
CB,ASP,195,9.662,61.184,92.895
CG,ASP,195,8.284,61.224,93.544
OD1,ASP,195,7.499,60.254,93.366
OD2,ASP,195,8.004,62.237,94.239
C,ASP,195,11.53,59.807,92.215
O,ASP,195,12.561,60.016,92.849
N,VAL,196,11.546,59.616,90.877
CA,VAL,196,12.789,59.707,90.161
CB,VAL,196,13.245,58.387,89.602
CG1,VAL,196,14.557,58.595,88.826
CG2,VAL,196,13.343,57.372,90.754
C,VAL,196,12.577,60.619,88.994
O,VAL,196,11.549,60.554,88.32
N,PHE,197,13.559,61.506,88.737
CA,PHE,197,13.482,62.405,87.625
CB,PHE,197,13.585,63.88,88.045
CG,PHE,197,12.47,64.1,89.012
CD1,PHE,197,11.176,64.269,88.576
CD2,PHE,197,12.728,64.137,90.364
CE1,PHE,197,10.157,64.465,89.479
CE2,PHE,197,11.715,64.334,91.273
CZ,PHE,197,10.425,64.501,90.828
C,PHE,197,14.663,62.061,86.782
O,PHE,197,15.797,62.064,87.256
N,ASP,198,14.42,61.754,85.495
CA,ASP,198,15.47,61.261,84.654
CB,ASP,198,15.145,59.819,84.214
CG,ASP,198,16.23,59.222,83.332
OD1,ASP,198,16.478,59.783,82.235
OD2,ASP,198,16.812,58.183,83.74
C,ASP,198,15.606,62.129,83.441
O,ASP,198,14.612,62.569,82.865
N,VAL,199,16.866,62.429,83.058
CA,VAL,199,17.166,63.185,81.872
CB,VAL,199,17.641,64.582,82.135
CG1,VAL,199,16.47,65.417,82.666
CG2,VAL,199,18.826,64.506,83.109
C,VAL,199,18.275,62.472,81.165
O,VAL,199,19.182,61.925,81.793
N,ARG,200,18.227,62.453,79.821
CA,ARG,200,19.243,61.751,79.098
CB,ARG,200,18.801,60.322,78.744
CG,ARG,200,18.528,59.479,79.993
CD,ARG,200,17.419,58.437,79.823
NE,ARG,200,18.038,57.094,79.659
CZ,ARG,200,17.672,56.09,80.508
NH1,ARG,200,16.849,56.354,81.567
NH2,ARG,200,18.135,54.822,80.309
C,ARG,200,19.476,62.481,77.814
O,ARG,200,18.569,63.106,77.266
N,LEU,201,20.73,62.445,77.325
CA,LEU,201,21.069,63.031,76.063
CB,LEU,201,21.956,64.28,76.222
CG,LEU,201,22.138,65.124,74.946
CD1,LEU,201,23.04,66.333,75.23
CD2,LEU,201,22.635,64.291,73.759
C,LEU,201,21.83,61.948,75.361
O,LEU,201,22.774,61.399,75.924
N,ALA,202,21.456,61.6,74.113
CA,ALA,202,22.102,60.451,73.544
CB,ALA,202,21.291,59.157,73.719
C,ALA,202,22.346,60.62,72.079
O,ALA,202,22.051,61.651,71.48
N,GLN,203,22.949,59.572,71.486
CA,GLN,203,23.279,59.52,70.095
CB,GLN,203,22.063,59.512,69.151
CG,GLN,203,21.275,58.202,69.207
CD,GLN,203,20.222,58.214,68.106
OE1,GLN,203,19.427,59.144,67.985
NE2,GLN,203,20.217,57.144,67.267
C,GLN,203,24.145,60.678,69.737
O,GLN,203,24.025,61.24,68.649
N,MET,204,25.058,61.058,70.649
CA,MET,204,25.987,62.092,70.315
CB,MET,204,26.456,62.949,71.509
CG,MET,204,25.344,63.752,72.19
SD,MET,204,25.938,65.003,73.37
CE,MET,204,26.882,63.843,74.401
C,MET,204,27.185,61.374,69.789
O,MET,204,27.714,60.479,70.446
N,GLU,205,27.628,61.739,68.571
CA,GLU,205,28.744,61.042,68.007
CB,GLU,205,28.688,60.967,66.475
CG,GLU,205,28.374,62.322,65.839
CD,GLU,205,26.868,62.537,65.948
OE1,GLU,205,26.136,61.913,65.134
OE2,GLU,205,26.43,63.309,66.843
C,GLU,205,29.995,61.751,68.388
O,GLU,205,30.44,62.675,67.711
N,ILE,206,30.595,61.317,69.508
CA,ILE,206,31.839,61.87,69.935
CB,ILE,206,32.227,61.424,71.314
CG2,ILE,206,33.72,61.732,71.512
CG1,ILE,206,31.332,62.122,72.358
CD1,ILE,206,29.839,61.885,72.171
C,ILE,206,32.902,61.485,68.949
O,ILE,206,33.738,62.311,68.59
N,ASN,207,32.91,60.222,68.471
CA,ASN,207,33.941,59.832,67.543
CB,ASN,207,35.072,59.012,68.185
CG,ASN,207,34.461,57.74,68.747
OD1,ASN,207,34.014,57.708,69.892
ND2,ASN,207,34.43,56.663,67.918
C,ASN,207,33.34,59,66.452
O,ASN,207,32.14,58.739,66.451
N,PRO,208,34.127,58.624,65.476
CA,PRO,208,33.582,57.807,64.429
CD,PRO,208,35.179,59.497,64.983
CB,PRO,208,34.574,57.87,63.273
CG,PRO,208,35.245,59.242,63.466
C,PRO,208,33.272,56.43,64.911
O,PRO,208,34.18,55.734,65.363
N,GLY,209,32.003,56.006,64.776
CA,GLY,209,31.605,54.691,65.179
C,GLY,209,31.294,54.697,66.643
O,GLY,209,30.811,53.701,67.178
N,GLY,210,31.536,55.821,67.339
CA,GLY,210,31.288,55.81,68.751
C,GLY,210,30.202,56.786,69.055
O,GLY,210,30.029,57.784,68.359
N,THR,211,29.432,56.5,70.123
CA,THR,211,28.377,57.37,70.541
CB,THR,211,27.006,56.833,70.267
OG1,THR,211,26.882,55.526,70.805
CG2,THR,211,26.75,56.827,68.753
C,THR,211,28.497,57.559,72.018
O,THR,211,29.114,56.745,72.704
N,LEU,212,27.929,58.665,72.543
CA,LEU,212,28.032,58.894,73.954
CB,LEU,212,29.02,60.025,74.294
CG,LEU,212,29.488,60.117,75.76
CD1,LEU,212,28.324,60.281,76.734
CD2,LEU,212,30.409,58.946,76.126
C,LEU,212,26.674,59.299,74.455
O,LEU,212,25.982,60.104,73.83
N,GLU,213,26.252,58.723,75.602
CA,GLU,213,24.997,59.073,76.208
CB,GLU,213,23.996,57.906,76.289
CG,GLU,213,22.665,58.31,76.928
CD,GLU,213,21.739,57.102,76.954
OE1,GLU,213,22.241,55.968,77.171
OE2,GLU,213,20.512,57.299,76.751
C,GLU,213,25.291,59.509,77.608
O,GLU,213,26.119,58.904,78.288
N,LEU,214,24.635,60.597,78.064
CA,LEU,214,24.829,61.043,79.413
CB,LEU,214,25.394,62.467,79.547
CG,LEU,214,26.769,62.655,78.887
CD1,LEU,214,26.65,62.615,77.359
CD2,LEU,214,27.475,63.918,79.397
C,LEU,214,23.482,61.073,80.06
O,LEU,214,22.475,61.337,79.407
N,GLY,215,23.416,60.794,81.376
CA,GLY,215,22.121,60.824,81.988
C,GLY,215,22.252,61.213,83.425
O,GLY,215,23.235,60.888,84.091
N,VAL,216,21.233,61.928,83.942
CA,VAL,216,21.241,62.316,85.322
CB,VAL,216,21.296,63.802,85.529
CG1,VAL,216,21.128,64.092,87.029
CG2,VAL,216,22.613,64.335,84.942
C,VAL,216,19.959,61.851,85.937
O,VAL,216,18.885,62.012,85.357
N,ASP,217,20.049,61.241,87.136
CA,ASP,217,18.877,60.787,87.825
CB,ASP,217,18.798,59.256,87.971
CG,ASP,217,18.463,58.659,86.606
OD1,ASP,217,17.532,59.185,85.944
OD2,ASP,217,19.141,57.676,86.207
C,ASP,217,18.883,61.391,89.197
O,ASP,217,19.909,61.395,89.875
N,TYR,218,17.732,61.956,89.622
CA,TYR,218,17.616,62.54,90.932
CB,TYR,218,17.34,64.055,90.878
CG,TYR,218,17.196,64.578,92.266
CD1,TYR,218,18.292,64.709,93.086
CD2,TYR,218,15.963,64.964,92.739
CE1,TYR,218,18.16,65.197,94.364
CE2,TYR,218,15.825,65.454,94.016
CZ,TYR,218,16.924,65.568,94.832
OH,TYR,218,16.789,66.068,96.144
C,TYR,218,16.452,61.886,91.615
O,TYR,218,15.328,61.956,91.125
N,GLY,219,16.681,61.254,92.788
CA,GLY,219,15.592,60.582,93.449
C,GLY,219,15.466,61.094,94.854
O,GLY,219,16.461,61.435,95.493
N,ARG,220,14.216,61.152,95.373
CA,ARG,220,13.972,61.642,96.705
CB,ARG,220,13.395,63.06,96.79
CG,ARG,220,14.177,64.186,96.141
CD,ARG,220,13.384,65.491,96.193
NE,ARG,220,12.055,65.203,95.585
CZ,ARG,220,11.019,66.074,95.754
NH1,ARG,220,11.203,67.222,96.468
NH2,ARG,220,9.799,65.795,95.208
C,ARG,220,12.822,60.879,97.278
O,ARG,220,12,60.324,96.552
N,ALA,221,12.716,60.867,98.619
CA,ALA,221,11.566,60.269,99.227
CB,ALA,221,11.824,59.734,100.645
C,ALA,221,10.562,61.375,99.343
O,ALA,221,10.882,62.466,99.813
N,ASN,222,9.316,61.128,98.891
CA,ASN,222,8.301,62.145,98.96
CB,ASN,222,7.464,62.234,97.672
CG,ASN,222,6.654,63.523,97.701
OD1,ASN,222,6.64,64.244,98.698
ND2,ASN,222,5.957,63.825,96.572
C,ASN,222,7.375,61.774,100.085
O,ASN,222,6.595,60.83,99.971
N,LEU,223,7.439,62.525,101.204
CA,LEU,223,6.685,62.231,102.395
CB,LEU,223,7.395,62.714,103.67
CG,LEU,223,8.712,61.966,103.953
CD1,LEU,223,9.38,62.486,105.233
CD2,LEU,223,8.491,60.444,103.999
C,LEU,223,5.313,62.834,102.388
O,LEU,223,5.075,63.915,101.851
N,ARG,224,4.374,62.121,103.044
CA,ARG,224,3.01,62.537,103.183
CB,ARG,224,2.092,61.436,103.738
CG,ARG,224,0.597,61.692,103.537
CD,ARG,224,-0.28,60.925,104.527
NE,ARG,224,0.17,59.505,104.522
CZ,ARG,224,-0.45,58.576,103.739
NH1,ARG,224,-1.498,58.941,102.946
NH2,ARG,224,-0.025,57.279,103.76
C,ARG,224,3.01,63.647,104.181
O,ARG,224,3.961,63.813,104.943
N,ASP,225,1.939,64.46,104.189
CA,ASP,225,1.899,65.554,105.11
CB,ASP,225,0.589,66.361,105.036
CG,ASP,225,0.753,67.616,105.882
OD1,ASP,225,1.881,67.839,106.397
OD2,ASP,225,-0.249,68.367,106.028
C,ASP,225,2.02,65.004,106.5
O,ASP,225,1.31,64.077,106.887
N,ASN,226,2.931,65.606,107.289
CA,ASN,226,3.168,65.283,108.672
CB,ASN,226,1.878,65.219,109.509
CG,ASN,226,1.422,66.636,109.807
OD1,ASN,226,2.186,67.428,110.356
ND2,ASN,226,0.156,66.969,109.439
C,ASN,226,3.871,63.974,108.891
O,ASN,226,3.965,63.526,110.031
N,TYR,227,4.432,63.33,107.855
CA,TYR,227,5.144,62.112,108.132
CB,TYR,227,4.954,60.999,107.088
CG,TYR,227,3.612,60.406,107.342
CD1,TYR,227,2.465,61.066,106.974
CD2,TYR,227,3.502,59.18,107.956
CE1,TYR,227,1.23,60.511,107.214
CE2,TYR,227,2.272,58.619,108.199
CZ,TYR,227,1.131,59.287,107.829
OH,TYR,227,-0.136,58.716,108.075
C,TYR,227,6.597,62.439,108.24
O,TYR,227,7.074,63.398,107.636
N,ARG,228,7.332,61.681,109.08
CA,ARG,228,8.723,61.971,109.265
CB,ARG,228,9.069,62.408,110.699
CG,ARG,228,8.331,63.664,111.165
CD,ARG,228,8.686,64.084,112.592
NE,ARG,228,7.897,65.31,112.907
CZ,ARG,228,6.615,65.196,113.363
NH1,ARG,228,6.046,63.965,113.514
NH2,ARG,228,5.9,66.315,113.674
C,ARG,228,9.517,60.732,109.001
O,ARG,228,9.001,59.616,109.05
N,LEU,229,10.814,60.922,108.692
CA,LEU,229,11.722,59.836,108.462
CB,LEU,229,12.676,60.051,107.271
CG,LEU,229,11.992,60.204,105.902
CD1,LEU,229,13.034,60.384,104.784
CD2,LEU,229,11.012,59.053,105.629
C,LEU,229,12.614,59.779,109.66
O,LEU,229,12.635,60.697,110.478
N,VAL,230,13.379,58.679,109.783
CA,VAL,230,14.303,58.488,110.867
CB,VAL,230,14.987,57.152,110.804
CG1,VAL,230,16.042,57.079,111.919
CG2,VAL,230,13.916,56.048,110.868
C,VAL,230,15.353,59.55,110.737
O,VAL,230,15.522,60.126,109.665
N,ASP,231,16.043,59.906,111.84
CA,ASP,231,17.075,60.892,111.695
CB,ASP,231,17.529,61.541,113.017
CG,ASP,231,16.444,62.517,113.468
OD1,ASP,231,15.711,63.04,112.587
OD2,ASP,231,16.337,62.755,114.701
C,ASP,231,18.246,60.216,111.06
O,ASP,231,18.503,59.037,111.295
N,GLY,232,18.984,60.952,110.21
CA,GLY,232,20.138,60.373,109.589
C,GLY,232,19.727,59.719,108.308
O,GLY,232,20.572,59.25,107.546
N,ALA,233,18.411,59.682,108.023
CA,ALA,233,17.962,59.068,106.807
CB,ALA,233,16.431,59.055,106.647
C,ALA,233,18.538,59.868,105.679
O,ALA,233,18.576,61.095,105.73
N,SER,234,19.01,59.17,104.628
CA,SER,234,19.642,59.793,103.496
CB,SER,234,20.184,58.753,102.502
OG,SER,234,19.122,57.937,102.03
C,SER,234,18.678,60.688,102.76
O,SER,234,19.009,61.817,102.402
N,THR,241,25.363,58.797,84.854
CA,THR,241,25.72,57.707,83.991
CB,THR,241,24.526,56.881,83.6
OG1,THR,241,23.86,56.403,84.76
CG2,THR,241,24.993,55.695,82.74
C,THR,241,26.304,58.248,82.719
O,THR,241,25.892,59.298,82.229
N,ALA,242,27.313,57.54,82.166
CA,ALA,242,27.873,57.896,80.891
CB,ALA,242,29.185,58.694,80.993
C,ALA,242,28.182,56.6,80.21
O,ALA,242,28.816,55.723,80.794
N,GLU,243,27.749,56.442,78.946
CA,GLU,243,27.992,55.194,78.282
CB,GLU,243,26.709,54.361,78.103
CG,GLU,243,26.934,52.95,77.555
CD,GLU,243,25.593,52.228,77.583
OE1,GLU,243,24.845,52.312,76.574
OE2,GLU,243,25.301,51.584,78.625
C,GLU,243,28.543,55.483,76.919
O,GLU,243,28.056,56.36,76.208
N,HIS,244,29.591,54.736,76.521
CA,HIS,244,30.195,54.91,75.23
ND1,HIS,244,32.915,54.056,73.382
CG,HIS,244,32.406,55.183,73.988
CB,HIS,244,31.711,55.16,75.317
NE2,HIS,244,33.376,55.762,72.035
CD2,HIS,244,32.695,56.216,73.151
CE1,HIS,244,33.485,54.459,72.219
C,HIS,244,29.997,53.647,74.452
O,HIS,244,30.379,52.563,74.889
N,THR,245,29.392,53.757,73.256
CA,THR,245,29.163,52.585,72.464
CB,THR,245,27.74,52.495,71.994
OG1,THR,245,26.862,52.55,73.109
CG2,THR,245,27.542,51.166,71.25
C,THR,245,30.046,52.691,71.254
O,THR,245,29.943,53.642,70.481
N,GLN,246,30.951,51.708,71.066
CA,GLN,246,31.875,51.723,69.962
CB,GLN,246,33.338,51.634,70.43
CG,GLN,246,34.348,51.473,69.295
CD,GLN,246,34.46,52.802,68.569
OE1,GLN,246,34.863,53.809,69.148
NE2,GLN,246,34.086,52.805,67.261
C,GLN,246,31.624,50.507,69.124
O,GLN,246,31.563,49.39,69.635
N,SER,247,31.473,50.691,67.797
CA,SER,247,31.214,49.559,66.951
CB,SER,247,30.619,49.945,65.586
OG,SER,247,30.385,48.784,64.804
C,SER,247,32.509,48.846,66.709
O,SER,247,33.547,49.489,66.546
N,VAL,248,32.495,47.492,66.686
CA,VAL,248,33.743,46.823,66.444
CB,VAL,248,34.613,46.833,67.666
CG1,VAL,248,34.273,45.62,68.547
CG2,VAL,248,36.077,46.968,67.245
C,VAL,248,33.484,45.381,66.092
O,VAL,248,32.552,44.766,66.599
N,LEU,249,34.292,44.814,65.172
CA,LEU,249,34.26,43.42,64.811
CB,LEU,249,35.051,42.507,65.759
CG,LEU,249,36.56,42.801,65.691
CD1,LEU,249,37.39,41.716,66.387
CD2,LEU,249,37.01,43.054,64.244
C,LEU,249,32.868,42.898,64.613
O,LEU,249,32.509,41.845,65.141
N,LYS,250,32.055,43.619,63.821
CA,LYS,250,30.727,43.174,63.51
CB,LYS,250,30.691,41.872,62.69
CG,LYS,250,31.242,42.035,61.271
CD,LYS,250,31.297,40.726,60.479
CE,LYS,250,32.567,39.902,60.7
NZ,LYS,250,33.694,40.509,59.961
C,LYS,250,29.978,42.949,64.78
O,LYS,250,29.093,42.098,64.851
N,GLY,251,30.288,43.76,65.803
CA,GLY,251,29.673,43.663,67.093
C,GLY,251,29.839,45.007,67.723
O,GLY,251,30.002,46.001,67.017
N,PHE,252,29.77,45.087,69.068
CA,PHE,252,29.957,46.373,69.676
CB,PHE,252,28.657,47.172,69.848
CG,PHE,252,27.844,46.464,70.872
CD1,PHE,252,27.08,45.37,70.538
CD2,PHE,252,27.855,46.904,72.175
CE1,PHE,252,26.334,44.728,71.497
CE2,PHE,252,27.111,46.266,73.137
CZ,PHE,252,26.349,45.174,72.797
C,PHE,252,30.533,46.181,71.043
O,PHE,252,30.575,45.065,71.558
N,ASN,253,31.027,47.285,71.647
CA,ASN,253,31.579,47.237,72.969
CB,ASN,253,33.117,47.2,72.985
CG,ASN,253,33.572,47.071,74.431
OD1,ASN,253,33.373,47.981,75.232
ND2,ASN,253,34.189,45.913,74.785
C,ASN,253,31.133,48.474,73.684
O,ASN,253,31.17,49.573,73.131
N,LYS,254,30.687,48.321,74.947
CA,LYS,254,30.231,49.461,75.683
CB,LYS,254,28.767,49.346,76.146
CG,LYS,254,27.768,49.363,74.987
CD,LYS,254,26.34,49.003,75.393
CE,LYS,254,25.366,48.999,74.214
NZ,LYS,254,25.173,50.377,73.715
C,LYS,254,31.084,49.61,76.9
O,LYS,254,31.493,48.627,77.515
N,PHE,255,31.398,50.873,77.253
CA,PHE,255,32.161,51.175,78.427
CB,PHE,255,33.466,51.928,78.105
CG,PHE,255,34.221,52.22,79.359
CD1,PHE,255,35.033,51.268,79.938
CD2,PHE,255,34.127,53.458,79.95
CE1,PHE,255,35.729,51.548,81.09
CE2,PHE,255,34.82,53.745,81.103
CZ,PHE,255,35.623,52.786,81.676
C,PHE,255,31.282,52.08,79.233
O,PHE,255,30.768,53.071,78.718
N,VAL,256,31.076,51.768,80.53
CA,VAL,256,30.17,52.58,81.293
CB,VAL,256,28.934,51.837,81.721
CG1,VAL,256,28.046,52.797,82.533
CG2,VAL,256,28.249,51.224,80.487
C,VAL,256,30.838,53.021,82.55
O,VAL,256,31.685,52.321,83.102
N,VAL,257,30.479,54.231,83.012
CA,VAL,257,30.986,54.689,84.261
CB,VAL,257,32.08,55.71,84.119
CG1,VAL,257,31.483,57.085,83.777
CG2,VAL,257,32.946,55.663,85.381
C,VAL,257,29.811,55.292,84.964
O,VAL,257,29.025,56.022,84.361
N,GLN,258,29.626,54.972,86.26
CA,GLN,258,28.488,55.516,86.944
CB,GLN,258,27.306,54.538,87.05
CG,GLN,258,26.669,54.222,85.695
CD,GLN,258,25.521,53.249,85.922
OE1,GLN,258,25.716,52.187,86.511
NE2,GLN,258,24.298,53.623,85.455
C,GLN,258,28.896,55.887,88.331
O,GLN,258,29.798,55.276,88.903
N,TYR,259,28.248,56.936,88.884
CA,TYR,259,28.527,57.405,90.21
CB,TYR,259,29.292,58.741,90.175
CG,TYR,259,29.579,59.223,91.555
CD1,TYR,259,30.642,58.711,92.261
CD2,TYR,259,28.806,60.206,92.134
CE1,TYR,259,30.917,59.155,93.534
CE2,TYR,259,29.075,60.653,93.407
CZ,TYR,259,30.131,60.126,94.111
OH,TYR,259,30.408,60.584,95.418
C,TYR,259,27.202,57.629,90.885
O,TYR,259,26.297,58.229,90.306
N,ALA,260,27.051,57.157,92.141
CA,ALA,260,25.794,57.303,92.822
CB,ALA,260,24.981,55.998,92.872
C,ALA,260,26.051,57.708,94.236
O,ALA,260,27.073,57.362,94.826
N,THR,261,25.108,58.47,94.818
CA,THR,261,25.293,58.923,96.159
CB,THR,261,25.661,60.376,96.195
OG1,THR,261,25.841,60.832,97.526
CG2,THR,261,24.574,61.175,95.469
C,THR,261,24.048,58.689,96.959
O,THR,261,22.931,58.854,96.476
N,ASP,262,24.236,58.272,98.227
CA,ASP,262,23.163,58.116,99.169
CB,ASP,262,22.484,59.457,99.503
CG,ASP,262,23.488,60.332,100.244
OD1,ASP,262,24.476,59.773,100.791
OD2,ASP,262,23.279,61.574,100.267
C,ASP,262,22.099,57.158,98.697
O,ASP,262,22.37,56.002,98.379
N,SER,263,20.843,57.649,98.627
CA,SER,263,19.664,56.853,98.389
CB,SER,263,18.401,57.713,98.23
OG,SER,263,18.16,58.464,99.409
C,SER,263,19.788,56.059,97.129
O,SER,263,19.103,55.053,96.946
N,MET,264,20.611,56.532,96.191
CA,MET,264,20.809,55.841,94.952
CB,MET,264,21.383,56.734,93.843
CG,MET,264,20.336,57.735,93.351
SD,MET,264,18.862,56.943,92.635
CE,MET,264,17.953,58.485,92.329
C,MET,264,21.663,54.612,95.113
O,MET,264,21.644,53.725,94.264
N,THR,265,22.487,54.558,96.175
CA,THR,265,23.482,53.533,96.377
CB,THR,265,24.268,53.747,97.637
OG1,THR,265,24.867,55.032,97.662
CG2,THR,265,25.356,52.67,97.689
C,THR,265,22.931,52.14,96.532
O,THR,265,23.522,51.188,96.023
N,SER,266,21.828,51.968,97.283
CA,SER,266,21.341,50.649,97.602
CB,SER,266,20.056,50.685,98.447
OG,SER,266,20.292,51.351,99.677
C,SER,266,20.994,49.874,96.366
O,SER,266,21.587,48.83,96.094
N,GLN,267,19.978,50.345,95.61
CA,GLN,267,19.566,49.639,94.425
CB,GLN,267,18.304,50.225,93.786
CG,GLN,267,17.881,49.441,92.547
CD,GLN,267,16.842,50.26,91.811
OE1,GLN,267,17.173,51.126,91.006
NE2,GLN,267,15.545,49.979,92.099
C,GLN,267,20.646,49.735,93.382
O,GLN,267,21.076,48.724,92.827
N,GLY,268,21.105,50.972,93.094
CA,GLY,268,22.211,51.232,92.204
C,GLY,268,21.838,51.129,90.753
O,GLY,268,22.713,51.065,89.887
N,SER,275,14.5,55.968,102.687
CA,SER,275,14.095,55.718,104.055
CB,SER,275,12.825,54.855,104.156
OG,SER,275,13.073,53.546,103.666
C,SER,275,15.147,55.113,104.955
O,SER,275,15.221,55.471,106.13
N,GLY,276,15.955,54.143,104.476
CA,GLY,276,16.996,53.617,105.32
C,GLY,276,16.5,52.516,106.221
O,GLY,276,17.298,51.932,106.955
N,VAL,277,15.191,52.182,106.19
CA,VAL,277,14.676,51.151,107.064
CB,VAL,277,13.408,51.49,107.794
CG1,VAL,277,13.69,52.524,108.887
CG2,VAL,277,12.379,51.958,106.759
C,VAL,277,14.366,49.908,106.282
O,VAL,277,13.945,49.965,105.128
N,ALA,278,14.56,48.738,106.931
CA,ALA,278,14.324,47.447,106.34
CB,ALA,278,15.607,46.638,106.102
C,ALA,278,13.466,46.664,107.291
O,ALA,278,13.013,47.206,108.298
N,PHE,279,13.15,45.385,106.957
CA,PHE,279,12.314,44.608,107.843
CB,PHE,279,10.814,44.669,107.48
CG,PHE,279,10.296,46.037,107.788
CD1,PHE,279,9.846,46.345,109.052
CD2,PHE,279,10.252,47.015,106.82
CE1,PHE,279,9.367,47.602,109.348
CE2,PHE,279,9.774,48.272,107.11
CZ,PHE,279,9.33,48.572,108.375
C,PHE,279,12.716,43.154,107.864
O,PHE,279,13.136,42.571,106.866
N,ASP,280,12.579,42.539,109.056
CA,ASP,280,12.834,41.153,109.34
CB,ASP,280,13.075,41,110.857
CG,ASP,280,13.352,39.574,111.267
OD1,ASP,280,12.362,38.853,111.551
OD2,ASP,280,14.548,39.188,111.323
C,ASP,280,11.596,40.411,108.905
O,ASP,280,10.57,41.031,108.634
N,ASN,281,11.653,39.066,108.799
CA,ASN,281,10.499,38.306,108.388
CB,ASN,281,10.759,36.795,108.262
CG,ASN,281,11.604,36.56,107.014
OD1,ASN,281,12.531,35.752,107.02
ND2,ASN,281,11.269,37.281,105.91
C,ASN,281,9.444,38.51,109.43
O,ASN,281,8.248,38.505,109.144
N,GLU,282,9.906,38.696,110.676
CA,GLU,282,9.153,38.93,111.872
CB,GLU,282,10.03,38.942,113.134
CG,GLU,282,10.534,37.555,113.532
CD,GLU,282,9.452,36.915,114.386
OE1,GLU,282,8.849,37.649,115.212
OE2,GLU,282,9.216,35.688,114.232
C,GLU,282,8.494,40.265,111.736
O,GLU,282,7.638,40.628,112.539
N,LYS,283,8.918,41.057,110.735
CA,LYS,283,8.335,42.346,110.491
CB,LYS,283,6.799,42.31,110.541
CG,LYS,283,6.123,43.556,109.976
CD,LYS,283,4.624,43.367,109.734
CE,LYS,283,3.96,44.537,109.005
NZ,LYS,283,4.166,45.792,109.76
C,LYS,283,8.836,43.345,111.49
O,LYS,283,8.197,44.368,111.737
N,VAL,284,10.012,43.073,112.088
CA,VAL,284,10.646,44.045,112.935
CB,VAL,284,11.623,43.449,113.904
CG1,VAL,284,12.329,44.605,114.633
CG2,VAL,284,10.883,42.474,114.834
C,VAL,284,11.446,44.907,112.003
O,VAL,284,11.926,44.426,110.979
N,ALA,285,11.622,46.205,112.323
CA,ALA,285,12.326,47.06,111.405
CB,ALA,285,11.735,48.479,111.317
C,ALA,285,13.755,47.208,111.838
O,ALA,285,14.048,47.263,113.03
N,TYR,286,14.695,47.248,110.865
CA,TYR,286,16.069,47.484,111.216
CB,TYR,286,17.004,46.248,111.252
CG,TYR,286,17.071,45.465,109.984
CD1,TYR,286,16.135,44.497,109.702
CD2,TYR,286,18.1,45.674,109.095
CE1,TYR,286,16.214,43.761,108.542
CE2,TYR,286,18.184,44.941,107.935
CZ,TYR,286,17.241,43.983,107.656
OH,TYR,286,17.332,43.232,106.464
C,TYR,286,16.614,48.591,110.349
O,TYR,286,15.928,49.065,109.446
N,ASN,287,17.846,49.077,110.639
CA,ASN,287,18.346,50.247,109.956
CB,ASN,287,18.908,51.295,110.938
CG,ASN,287,19.28,52.56,110.18
OD1,ASN,287,20.171,52.559,109.332
ND2,ASN,287,18.578,53.681,110.5
C,ASN,287,19.432,49.944,108.949
O,ASN,287,20.589,49.712,109.29
N,ILE,288,19.028,49.955,107.663
CA,ILE,288,19.697,49.767,106.396
CB,ILE,288,18.812,49.215,105.305
CG2,ILE,288,18.271,47.87,105.816
CG1,ILE,288,17.707,50.186,104.877
CD1,ILE,288,18.23,51.305,103.985
C,ILE,288,20.458,50.966,105.887
O,ILE,288,20.856,50.932,104.728
N,ASN,289,20.475,52.109,106.616
CA,ASN,289,21.013,53.398,106.202
CB,ASN,289,21.542,54.237,107.375
CG,ASN,289,21.846,55.633,106.852
OD1,ASN,289,22.782,55.834,106.08
ND2,ASN,289,21.03,56.633,107.278
C,ASN,289,22.095,53.303,105.165
O,ASN,289,23.081,52.583,105.317
N,ASN,290,21.898,54.046,104.049
CA,ASN,290,22.779,53.94,102.92
CB,ASN,290,22.049,53.461,101.649
CG,ASN,290,20.875,54.392,101.347
OD1,ASN,290,19.719,53.983,101.448
ND2,ASN,290,21.161,55.667,100.969
C,ASN,290,23.483,55.217,102.573
O,ASN,290,23.807,55.424,101.404
N,GLY,292,26.427,57.342,101.667
CA,GLY,292,27.687,56.857,101.184
C,GLY,292,27.74,57.125,99.711
O,GLY,292,27.109,58.06,99.223
N,HIS,293,28.528,56.327,98.958
CA,HIS,293,28.584,56.544,97.539
ND1,HIS,293,31.738,57.146,98.454
CG,HIS,293,31.024,57.087,97.279
CB,HIS,293,29.624,57.591,97.113
NE2,HIS,293,33.051,56.153,96.959
CD2,HIS,293,31.84,56.478,96.377
CE1,HIS,293,32.943,56.573,98.207
C,HIS,293,28.98,55.262,96.875
O,HIS,293,29.434,54.323,97.528
N,MET,294,28.798,55.193,95.537
CA,MET,294,29.168,54.009,94.813
CB,MET,294,27.989,53.083,94.488
CG,MET,294,28.427,51.741,93.898
SD,MET,294,27.056,50.63,93.465
CE,MET,294,26.741,51.376,91.842
C,MET,294,29.759,54.416,93.501
O,MET,294,29.347,55.406,92.897
N,LEU,295,30.756,53.634,93.037
CA,LEU,295,31.438,53.87,91.795
CB,LEU,295,32.935,54.145,92.002
CG,LEU,295,33.741,54.335,90.705
CD1,LEU,295,33.425,55.678,90.029
CD2,LEU,295,35.241,54.116,90.949
C,LEU,295,31.367,52.602,90.997
O,LEU,295,31.631,51.519,91.517
N,ARG,296,31.02,52.7,89.697
CA,ARG,296,30.916,51.504,88.91
CB,ARG,296,29.456,51.167,88.553
CG,ARG,296,29.273,49.861,87.776
CD,ARG,296,27.814,49.551,87.418
NE,ARG,296,27.07,49.313,88.69
CZ,ARG,296,25.715,49.483,88.751
NH1,ARG,296,25.02,49.878,87.645
NH2,ARG,296,25.053,49.267,89.925
C,ARG,296,31.663,51.691,87.622
O,ARG,296,31.527,52.713,86.951
N,ILE,297,32.485,50.686,87.25
CA,ILE,297,33.232,50.724,86.022
CB,ILE,297,34.712,50.621,86.249
CG2,ILE,297,35.406,50.583,84.877
CG1,ILE,297,35.195,51.761,87.162
CD1,ILE,297,34.917,53.158,86.612
C,ILE,297,32.819,49.496,85.265
O,ILE,297,32.885,48.388,85.797
N,LEU,298,32.38,49.648,83.997
CA,LEU,298,31.875,48.482,83.326
CB,LEU,298,30.331,48.479,83.38
CG,LEU,298,29.59,47.158,83.083
CD1,LEU,298,28.073,47.395,83.011
CD2,LEU,298,30.125,46.418,81.857
C,LEU,298,32.304,48.504,81.882
O,LEU,298,32.292,49.55,81.234
N,ASP,299,32.736,47.34,81.35
CA,ASP,299,33.061,47.234,79.956
CB,ASP,299,34.566,47.378,79.668
CG,ASP,299,34.775,47.311,78.164
OD1,ASP,299,34.652,46.19,77.607
OD2,ASP,299,35.071,48.375,77.555
C,ASP,299,32.62,45.87,79.516
O,ASP,299,33.078,44.863,80.055
N,HIS,300,31.689,45.8,78.541
CA,HIS,300,31.223,44.524,78.075
ND1,HIS,300,28.471,46.151,78.981
CG,HIS,300,28.734,44.927,78.406
CB,HIS,300,29.917,44.066,78.749
NE2,HIS,300,26.832,45.767,77.528
CD2,HIS,300,27.724,44.709,77.52
CE1,HIS,300,27.323,46.608,78.42
C,HIS,300,30.94,44.65,76.611
O,HIS,300,30.886,45.759,76.081
N,GLY,301,30.763,43.507,75.907
CA,GLY,301,30.469,43.605,74.504
C,GLY,301,30.4,42.24,73.882
O,GLY,301,30.601,41.222,74.543
N,ALA,302,30.075,42.211,72.569
CA,ALA,302,30.023,41.005,71.789
CB,ALA,302,28.596,40.597,71.384
C,ALA,302,30.784,41.284,70.529
O,ALA,302,30.635,42.339,69.914
N,ILE,303,31.624,40.323,70.113
CA,ILE,303,32.485,40.52,68.985
CB,ILE,303,33.867,40.831,69.49
CG2,ILE,303,34.326,39.634,70.328
CG1,ILE,303,34.867,41.233,68.411
CD1,ILE,303,36.156,41.743,69.054
C,ILE,303,32.523,39.232,68.23
O,ILE,303,32.464,38.156,68.822
N,SER,304,32.586,39.305,66.886
CA,SER,304,32.73,38.097,66.13
CB,SER,304,31.629,37.867,65.08
OG,SER,304,30.395,37.588,65.727
C,SER,304,34.039,38.217,65.432
O,SER,304,34.357,39.265,64.87
N,MET,305,34.859,37.149,65.5
CA,MET,305,36.126,37.177,64.836
CB,MET,305,37.314,36.826,65.75
CG,MET,305,37.585,37.853,66.851
SD,MET,305,38.995,37.436,67.92
CE,MET,305,38.85,38.903,68.98
C,MET,305,36.086,36.125,63.782
O,MET,305,36.377,34.961,64.047
N,GLY,306,35.754,36.509,62.538
CA,GLY,306,35.717,35.524,61.502
C,GLY,306,34.341,34.942,61.467
O,GLY,306,33.438,35.412,62.153
N,ASP,307,34.139,33.943,60.587
CA,ASP,307,32.88,33.269,60.428
CB,ASP,307,32.816,32.467,59.119
CG,ASP,307,32.795,33.46,57.969
OD1,ASP,307,32.174,34.543,58.138
OD2,ASP,307,33.406,33.155,56.91
C,ASP,307,32.587,32.306,61.549
O,ASP,307,31.435,32.157,61.953
N,ASN,308,33.622,31.587,62.029
CA,ASN,308,33.536,30.511,62.989
CB,ASN,308,34.799,29.642,62.977
CG,ASN,308,34.888,29.042,61.585
OD1,ASN,308,33.871,28.781,60.945
ND2,ASN,308,36.138,28.828,61.097
C,ASN,308,33.292,30.922,64.417
O,ASN,308,32.677,30.162,65.164
N,TRP,309,33.789,32.092,64.87
CA,TRP,309,33.698,32.357,66.283
CB,TRP,309,35.068,32.573,66.945
CG,TRP,309,35.96,31.362,66.937
CD2,TRP,309,36.022,30.404,68.001
CD1,TRP,309,36.849,30.949,65.989
NE1,TRP,309,37.461,29.788,66.395
CE2,TRP,309,36.961,29.442,67.632
CE3,TRP,309,35.35,30.332,69.186
CZ2,TRP,309,37.246,28.387,68.452
CZ3,TRP,309,35.64,29.265,70.008
CH2,TRP,309,36.57,28.312,69.649
C,TRP,309,32.934,33.608,66.597
O,TRP,309,32.895,34.562,65.821
N,ASP,310,32.293,33.599,67.789
CA,ASP,310,31.603,34.728,68.344
CB,ASP,310,30.115,34.856,67.94
CG,ASP,310,29.339,33.578,68.201
OD1,ASP,310,29.972,32.492,68.257
OD2,ASP,310,28.088,33.67,68.312
C,ASP,310,31.804,34.694,69.834
O,ASP,310,31.951,33.623,70.417
N,MET,311,31.872,35.877,70.49
CA,MET,311,32.19,35.881,71.892
CB,MET,311,33.701,36.027,72.112
CG,MET,311,34.132,36.119,73.574
SD,MET,311,35.899,36.495,73.785
CE,MET,311,36.477,34.835,73.328
C,MET,311,31.563,37.056,72.591
O,MET,311,31.459,38.148,72.036
N,MET,312,31.139,36.849,73.857
CA,MET,312,30.625,37.912,74.683
CB,MET,312,29.27,37.62,75.358
CG,MET,312,28.058,37.431,74.444
SD,MET,312,26.49,37.414,75.37
CE,MET,312,25.509,36.492,74.153
C,MET,312,31.586,38.03,75.836
O,MET,312,32.183,37.032,76.236
N,TYR,313,31.802,39.252,76.38
CA,TYR,313,32.689,39.372,77.512
CB,TYR,313,34.173,39.534,77.128
CG,TYR,313,34.291,40.622,76.121
CD1,TYR,313,34.321,41.94,76.51
CD2,TYR,313,34.383,40.313,74.783
CE1,TYR,313,34.432,42.936,75.571
CE2,TYR,313,34.494,41.306,73.84
CZ,TYR,313,34.52,42.621,74.236
OH,TYR,313,34.636,43.65,73.277
C,TYR,313,32.277,40.5,78.417
O,TYR,313,31.651,41.466,77.982
N,VAL,314,32.616,40.387,79.726
CA,VAL,314,32.271,41.416,80.671
CB,VAL,314,31.011,41.12,81.434
CG1,VAL,314,31.251,39.908,82.352
CG2,VAL,314,30.584,42.392,82.185
C,VAL,314,33.37,41.579,81.685
O,VAL,314,34.068,40.627,82.036
N,GLY,315,33.539,42.823,82.185
CA,GLY,315,34.518,43.126,83.196
C,GLY,315,33.932,44.228,84.027
O,GLY,315,33.419,45.206,83.483
N,MET,316,33.99,44.119,85.375
CA,MET,316,33.384,45.178,86.135
CB,MET,316,31.863,44.994,86.301
CG,MET,316,31.164,46.141,87.037
SD,MET,316,29.345,46.055,87.016
CE,MET,316,29.243,44.572,88.058
C,MET,316,33.988,45.295,87.501
O,MET,316,34.433,44.314,88.096
N,TYR,317,34.035,46.548,88.004
CA,TYR,317,34.497,46.861,89.327
CB,TYR,317,35.809,47.669,89.322
CG,TYR,317,36.182,48.063,90.713
CD1,TYR,317,36.718,47.151,91.594
CD2,TYR,317,36.021,49.364,91.131
CE1,TYR,317,37.067,47.526,92.871
CE2,TYR,317,36.369,49.747,92.407
CZ,TYR,317,36.892,48.825,93.281
OH,TYR,317,37.252,49.206,94.59
C,TYR,317,33.43,47.716,89.939
O,TYR,317,33.061,48.749,89.383
N,GLN,318,32.895,47.298,91.104
CA,GLN,318,31.854,48.069,91.719
CB,GLN,318,30.486,47.371,91.604
CG,GLN,318,29.311,48.163,92.176
CD,GLN,318,28.041,47.37,91.883
OE1,GLN,318,27.319,47.658,90.93
NE2,GLN,318,27.768,46.329,92.714
C,GLN,318,32.194,48.228,93.167
O,GLN,318,32.418,47.244,93.871
N,ASP,319,32.247,49.49,93.648
CA,ASP,319,32.599,49.719,95.02
CB,ASP,319,33.922,50.496,95.202
CG,ASP,319,34.338,50.431,96.67
OD1,ASP,319,33.75,49.601,97.414
OD2,ASP,319,35.244,51.212,97.068
C,ASP,319,31.51,50.506,95.682
O,ASP,319,31.194,51.627,95.282
N,ILE,320,30.896,49.908,96.722
CA,ILE,320,29.885,50.572,97.486
CB,ILE,320,28.696,49.703,97.801
CG2,ILE,320,27.749,50.515,98.698
CG1,ILE,320,28.027,49.176,96.521
CD1,ILE,320,28.821,48.074,95.823
C,ILE,320,30.537,50.855,98.796
O,ILE,320,30.882,49.935,99.537
N,ASN,321,30.751,52.146,99.101
CA,ASN,321,31.366,52.5,100.342
CB,ASN,321,32.586,53.426,100.163
CG,ASN,321,33.308,53.601,101.496
OD1,ASN,321,34.277,52.9,101.783
ND2,ASN,321,32.835,54.568,102.328
C,ASN,321,30.326,53.245,101.102
O,ASN,321,29.811,54.258,100.634
N,TRP,322,29.98,52.751,102.302
CA,TRP,322,28.957,53.398,103.066
CB,TRP,322,27.755,52.501,103.397
CG,TRP,322,26.767,52.365,102.267
CD2,TRP,322,26.009,51.178,101.99
CD1,TRP,322,26.404,53.285,101.328
NE1,TRP,322,25.461,52.747,100.486
CE2,TRP,322,25.209,51.449,100.881
CE3,TRP,322,25.985,49.959,102.607
CZ2,TRP,322,24.369,50.502,100.369
CZ3,TRP,322,25.132,49.008,102.095
CH2,TRP,322,24.34,49.276,100.998
C,TRP,322,29.531,53.863,104.353
O,TRP,322,30.563,53.383,104.819
N,ASP,323,28.825,54.827,104.961
CA,ASP,323,29.229,55.444,106.183
CB,ASP,323,28.203,56.492,106.641
CG,ASP,323,28.793,57.28,107.795
OD1,ASP,323,30.012,57.113,108.065
OD2,ASP,323,28.028,58.058,108.424
C,ASP,323,29.306,54.383,107.242
O,ASP,323,30.175,54.416,108.111
N,ASN,324,28.38,53.412,107.182
CA,ASN,324,28.227,52.351,108.139
CB,ASN,324,26.84,51.68,108.107
CG,ASN,324,26.626,50.998,106.772
OD1,ASN,324,27.485,51.014,105.893
ND2,ASN,324,25.427,50.378,106.614
C,ASN,324,29.308,51.309,108.042
O,ASN,324,29.349,50.407,108.873
N,ASP,325,30.155,51.355,106.996
CA,ASP,325,31.242,50.446,106.72
CB,ASP,325,32.411,50.431,107.744
CG,ASP,325,32.085,49.788,109.091
OD1,ASP,325,31.292,48.811,109.137
OD2,ASP,325,32.663,50.268,110.103
C,ASP,325,30.742,49.061,106.463
O,ASP,325,31.451,48.083,106.705
N,ASN,326,29.511,48.931,105.931
CA,ASN,326,29.064,47.608,105.616
CB,ASN,326,27.695,47.268,106.223
CG,ASN,326,27.527,45.755,106.151
OD1,ASN,326,28.403,45.041,105.664
ND2,ASN,326,26.368,45.249,106.651
C,ASN,326,28.937,47.475,104.122
O,ASN,326,28.128,46.689,103.631
N,GLY,327,29.785,48.185,103.352
CA,GLY,327,29.694,48.136,101.917
C,GLY,327,30.472,46.953,101.43
O,GLY,327,30.815,46.06,102.204
N,THR,328,30.723,46.897,100.105
CA,THR,328,31.482,45.809,99.561
CB,THR,328,30.63,44.619,99.246
OG1,THR,328,31.455,43.531,98.877
CG2,THR,328,29.654,44.959,98.113
C,THR,328,32.177,46.265,98.316
O,THR,328,31.808,47.281,97.729
N,LYS,329,33.242,45.541,97.902
CA,LYS,329,33.887,45.879,96.665
CB,LYS,329,35.318,46.426,96.797
CG,LYS,329,36.383,45.432,97.234
CD,LYS,329,37.772,46.066,97.224
CE,LYS,329,37.814,47.395,97.981
NZ,LYS,329,39.213,47.856,98.108
C,LYS,329,33.88,44.646,95.815
O,LYS,329,34.319,43.581,96.246
N,TRP,330,33.388,44.771,94.564
CA,TRP,330,33.166,43.611,93.744
CB,TRP,330,31.674,43.495,93.376
CG,TRP,330,31.221,42.262,92.626
CD2,TRP,330,30.009,42.223,91.855
CD1,TRP,330,31.783,41.022,92.523
NE1,TRP,330,30.986,40.209,91.749
CE2,TRP,330,29.893,40.937,91.328
CE3,TRP,330,29.071,43.183,91.608
CZ2,TRP,330,28.83,40.588,90.543
CZ3,TRP,330,28.004,42.828,90.813
CH2,TRP,330,27.882,41.556,90.291
C,TRP,330,33.954,43.691,92.461
O,TRP,330,34.143,44.769,91.895
N,TRP,331,34.444,42.516,91.988
CA,TRP,331,35.18,42.389,90.754
CB,TRP,331,36.681,42.108,90.944
CG,TRP,331,37.507,43.257,91.466
CD2,TRP,331,38.185,44.191,90.614
CD1,TRP,331,37.794,43.622,92.749
NE1,TRP,331,38.616,44.725,92.749
CE2,TRP,331,38.865,45.086,91.439
CE3,TRP,331,38.238,44.291,89.253
CZ2,TRP,331,39.613,46.101,90.912
CZ3,TRP,331,38.992,45.315,88.724
CH2,TRP,331,39.667,46.201,89.538
C,TRP,331,34.66,41.194,90.004
O,TRP,331,34.537,40.106,90.566
N,THR,332,34.349,41.361,88.698
CA,THR,332,33.886,40.244,87.914
CB,THR,332,32.398,40.194,87.729
OG1,THR,332,31.921,41.427,87.215
CG2,THR,332,31.734,39.888,89.07
C,THR,332,34.474,40.293,86.546
O,THR,332,34.759,41.361,86.005
N,VAL,333,34.682,39.094,85.967
CA,VAL,333,35.176,38.951,84.634
CB,VAL,333,36.672,38.918,84.559
CG1,VAL,333,37.211,40.263,85.075
CG2,VAL,333,37.172,37.707,85.363
C,VAL,333,34.69,37.62,84.167
O,VAL,333,34.57,36.686,84.96
N,GLY,334,34.398,37.507,82.857
CA,GLY,334,33.942,36.26,82.322
C,GLY,334,33.927,36.397,80.837
O,GLY,334,33.99,37.507,80.309
N,ILE,335,33.855,35.256,80.125
CA,ILE,335,33.895,35.282,78.693
CB,ILE,335,35.293,34.982,78.222
CG2,ILE,335,35.618,33.54,78.629
CG1,ILE,335,35.51,35.273,76.737
CD1,ILE,335,36.988,35.21,76.351
C,ILE,335,32.99,34.194,78.192
O,ILE,335,32.916,33.122,78.793
N,ARG,336,32.243,34.45,77.092
CA,ARG,336,31.45,33.4,76.513
CB,ARG,336,29.947,33.686,76.436
CG,ARG,336,29.211,33.897,77.751
CD,ARG,336,27.792,33.345,77.646
NE,ARG,336,26.89,34.077,78.576
CZ,ARG,336,25.557,33.798,78.5
NH1,ARG,336,25.148,32.757,77.72
NH2,ARG,336,24.636,34.544,79.174
C,ARG,336,31.848,33.287,75.074
O,ARG,336,31.363,34.045,74.235
N,PRO,337,32.738,32.388,74.771
CA,PRO,337,33.084,32.171,73.392
CD,PRO,337,33.886,32.224,75.647
CB,PRO,337,34.508,31.625,73.385
CG,PRO,337,35.101,32.111,74.715
C,PRO,337,32.116,31.181,72.821
O,PRO,337,31.605,30.343,73.564
N,MET,338,31.873,31.235,71.502
CA,MET,338,30.986,30.313,70.855
CB,MET,338,29.64,30.98,70.518
CG,MET,338,28.581,30.085,69.875
SD,MET,338,26.986,30.934,69.652
CE,MET,338,26.19,29.616,68.692
C,MET,338,31.665,29.921,69.576
O,MET,338,32.123,30.781,68.825
N,TYR,339,31.757,28.605,69.296
CA,TYR,339,32.38,28.137,68.083
CB,TYR,339,33.491,27.101,68.351
CG,TYR,339,34.045,26.585,67.063
CD1,TYR,339,34.968,27.308,66.341
CD2,TYR,339,33.649,25.355,66.587
CE1,TYR,339,35.476,26.818,65.159
CE2,TYR,339,34.153,24.861,65.407
CZ,TYR,339,35.068,25.592,64.689
OH,TYR,339,35.585,25.085,63.477
C,TYR,339,31.299,27.461,67.297
O,TYR,339,30.602,26.595,67.822
N,LYS,340,31.135,27.824,66.004
CA,LYS,340,29.997,27.293,65.298
CB,LYS,340,29.18,28.37,64.561
CG,LYS,340,28.575,29.415,65.504
CD,LYS,340,27.895,30.59,64.794
CE,LYS,340,28.859,31.527,64.065
NZ,LYS,340,29.635,32.321,65.041
C,LYS,340,30.381,26.26,64.285
O,LYS,340,30.935,26.571,63.233
N,TRP,341,30.045,24.987,64.575
CA,TRP,341,30.324,23.89,63.695
CB,TRP,341,29.997,22.544,64.356
CG,TRP,341,30.811,22.329,65.61
CD2,TRP,341,32.09,21.676,65.66
CD1,TRP,341,30.526,22.717,66.887
NE1,TRP,341,31.548,22.351,67.729
CE2,TRP,341,32.517,21.709,66.988
CE3,TRP,341,32.85,21.102,64.68
CZ2,TRP,341,33.712,21.162,67.359
CZ3,TRP,341,34.054,20.551,65.059
CH2,TRP,341,34.476,20.581,66.371
C,TRP,341,29.498,24.044,62.454
O,TRP,341,29.993,23.876,61.341
N,THR,342,28.202,24.37,62.624
CA,THR,342,27.318,24.56,61.507
CB,THR,342,26.291,23.48,61.322
OG1,THR,342,25.469,23.378,62.469
CG2,THR,342,26.978,22.141,61.075
C,THR,342,26.547,25.802,61.777
O,THR,342,26.7,26.437,62.819
N,PRO,343,25.728,26.193,60.852
CA,PRO,343,24.951,27.368,61.094
CD,PRO,343,26.005,25.995,59.439
CB,PRO,343,24.295,27.702,59.758
CG,PRO,343,25.31,27.169,58.726
C,PRO,343,24.012,27.152,62.244
O,PRO,343,23.632,28.126,62.89
N,ILE,344,23.529,25.907,62.409
CA,ILE,344,22.65,25.422,63.444
CB,ILE,344,21.818,24.261,62.981
CG2,ILE,344,20.951,24.757,61.814
CG1,ILE,344,22.699,23.049,62.633
CD1,ILE,344,21.911,21.751,62.459
C,ILE,344,23.292,25,64.735
O,ILE,344,22.666,25.1,65.786
N,MET,345,24.503,24.415,64.706
CA,MET,345,25.015,23.811,65.906
CB,MET,345,25.396,22.332,65.72
CG,MET,345,25.942,21.66,66.982
SD,MET,345,26.546,19.963,66.729
CE,MET,345,24.899,19.218,66.575
C,MET,345,26.247,24.507,66.355
O,MET,345,27.04,24.997,65.554
N,SER,346,26.439,24.556,67.685
CA,SER,346,27.601,25.225,68.165
CB,SER,346,27.377,26.727,68.376
OG,SER,346,26.396,26.927,69.383
C,SER,346,27.941,24.653,69.492
O,SER,346,27.188,23.871,70.069
N,THR,347,29.141,25,69.977
CA,THR,347,29.525,24.637,71.293
CB,THR,347,30.807,23.864,71.347
OG1,THR,347,30.683,22.672,70.587
CG2,THR,347,31.121,23.524,72.814
C,THR,347,29.742,25.953,71.951
O,THR,347,30.459,26.801,71.424
N,VAL,348,29.085,26.171,73.103
CA,VAL,348,29.221,27.422,73.784
CB,VAL,348,27.908,28.079,74.12
CG1,VAL,348,28.192,29.399,74.863
CG2,VAL,348,27.077,28.246,72.837
C,VAL,348,29.874,27.103,75.088
O,VAL,348,29.622,26.049,75.665
N,MET,349,30.762,28,75.561
CA,MET,349,31.422,27.788,76.816
CB,MET,349,32.886,27.342,76.655
CG,MET,349,33.617,27.1,77.977
SD,MET,349,35.324,26.502,77.784
CE,MET,349,35.61,26.23,79.557
C,MET,349,31.438,29.11,77.528
O,MET,349,31.54,30.159,76.891
N,GLU,350,31.312,29.093,78.876
CA,GLU,350,31.337,30.324,79.62
CB,GLU,350,29.947,30.784,80.104
CG,GLU,350,29.973,32.116,80.863
CD,GLU,350,28.552,32.469,81.284
OE1,GLU,350,27.876,31.594,81.886
OE2,GLU,350,28.121,33.62,81.003
C,GLU,350,32.199,30.132,80.831
O,GLU,350,32.142,29.097,81.492
N,ILE,351,33.048,31.136,81.139
CA,ILE,351,33.891,31.048,82.297
CB,ILE,351,35.345,30.941,81.95
CG2,ILE,351,36.136,30.896,83.269
CG1,ILE,351,35.598,29.723,81.044
CD1,ILE,351,36.965,29.756,80.363
C,ILE,351,33.716,32.331,83.048
O,ILE,351,33.817,33.406,82.46
N,GLY,352,33.463,32.266,84.372
CA,GLY,352,33.254,33.497,85.082
C,GLY,352,33.912,33.441,86.426
O,GLY,352,34.025,32.38,87.041
N,TYR,353,34.355,34.62,86.917
CA,TYR,353,35.041,34.705,88.179
CB,TYR,353,36.552,34.919,87.984
CG,TYR,353,37.232,35.011,89.306
CD1,TYR,353,37.48,33.884,90.055
CD2,TYR,353,37.646,36.234,89.783
CE1,TYR,353,38.116,33.981,91.27
CE2,TYR,353,38.282,36.337,90.997
CZ,TYR,353,38.517,35.207,91.744
OH,TYR,353,39.168,35.304,92.993
C,TYR,353,34.512,35.864,88.973
O,TYR,353,34.318,36.96,88.447
N,ASP,354,34.273,35.643,90.283
CA,ASP,354,33.758,36.669,91.148
CB,ASP,354,32.374,36.334,91.73
CG,ASP,354,31.337,36.305,90.616
OD1,ASP,354,31.182,37.343,89.919
OD2,ASP,354,30.689,35.237,90.447
C,ASP,354,34.647,36.757,92.35
O,ASP,354,35.181,35.752,92.817
N,ASN,355,34.846,37.987,92.865
CA,ASN,355,35.586,38.183,94.079
CB,ASN,355,37.063,38.544,93.832
CG,ASN,355,37.788,38.633,95.167
OD1,ASN,355,38.006,39.725,95.69
ND2,ASN,355,38.171,37.457,95.733
C,ASN,355,34.928,39.333,94.78
O,ASN,355,34.779,40.408,94.201
N,VAL,356,34.512,39.141,96.05
CA,VAL,356,33.836,40.193,96.755
CB,VAL,356,32.396,39.848,97.009
CG1,VAL,356,31.731,40.982,97.795
CG2,VAL,356,31.727,39.543,95.659
C,VAL,356,34.505,40.367,98.088
O,VAL,356,34.792,39.39,98.776
N,GLU,357,34.769,41.627,98.494
CA,GLU,357,35.434,41.89,99.744
CB,GLU,357,36.691,42.759,99.586
CG,GLU,357,37.38,43.049,100.919
CD,GLU,357,38.418,44.135,100.689
OE1,GLU,357,39.429,43.857,99.991
OE2,GLU,357,38.208,45.263,101.21
C,GLU,357,34.505,42.667,100.627
O,GLU,357,33.923,43.664,100.202
N,SER,358,34.346,42.234,101.897
CA,SER,358,33.452,42.955,102.76
CB,SER,358,32.988,42.167,103.99
OG,SER,358,32.113,42.965,104.773
C,SER,358,34.12,44.202,103.249
O,SER,358,35.286,44.193,103.643
N,GLN,359,33.379,45.329,103.234
CA,GLN,359,33.956,46.552,103.707
CB,GLN,359,33.027,47.768,103.56
CG,GLN,359,33.654,49.052,104.11
CD,GLN,359,32.68,50.203,103.921
OE1,GLN,359,31.614,50.057,103.326
NE2,GLN,359,33.063,51.398,104.445
C,GLN,359,34.218,46.411,105.171
O,GLN,359,35.301,46.734,105.655
N,ARG,360,33.225,45.892,105.916
CA,ARG,360,33.35,45.848,107.341
CB,ARG,360,32.056,45.315,107.977
CG,ARG,360,31.833,45.681,109.444
CD,ARG,360,30.392,45.398,109.88
NE,ARG,360,30.232,45.795,111.306
CZ,ARG,360,30.366,44.866,112.298
NH1,ARG,360,30.709,43.58,111.995
NH2,ARG,360,30.14,45.22,113.596
C,ARG,360,34.503,44.974,107.753
O,ARG,360,35.38,45.414,108.495
N,THR,361,34.512,43.706,107.299
CA,THR,361,35.499,42.729,107.689
CB,THR,361,34.973,41.321,107.631
OG1,THR,361,35.968,40.405,108.064
CG2,THR,361,34.557,41.004,106.192
C,THR,361,36.8,42.752,106.943
O,THR,361,37.84,42.456,107.528
N,GLY,362,36.8,43.038,105.629
CA,GLY,362,38.042,42.976,104.908
C,GLY,362,38.254,41.564,104.421
O,GLY,362,39.233,41.291,103.728
N,ASP,363,37.342,40.626,104.764
CA,ASP,363,37.47,39.252,104.34
CB,ASP,363,36.564,38.276,105.116
CG,ASP,363,37.046,38.159,106.559
OD1,ASP,363,37.89,38.991,106.987
OD2,ASP,363,36.573,37.219,107.252
C,ASP,363,37.06,39.169,102.896
O,ASP,363,36.423,40.083,102.376
N,LYS,364,37.41,38.061,102.197
CA,LYS,364,37.1,38,100.79
CB,LYS,364,38.352,38.19,99.913
CG,LYS,364,38.952,39.589,100.078
CD,LYS,364,40.407,39.736,99.631
CE,LYS,364,40.956,41.149,99.855
NZ,LYS,364,42.431,41.159,99.72
C,LYS,364,36.462,36.69,100.416
O,LYS,364,36.936,35.613,100.779
N,ASN,365,35.36,36.777,99.636
CA,ASN,365,34.625,35.643,99.136
CB,ASN,365,33.095,35.803,99.226
CG,ASN,365,32.665,35.689,100.679
OD1,ASN,365,33.302,34.999,101.469
ND2,ASN,365,31.546,36.368,101.045
C,ASN,365,34.925,35.538,97.667
O,ASN,365,35.04,36.554,96.984
N,ASN,366,35.081,34.306,97.13
CA,ASN,366,35.351,34.226,95.717
CB,ASN,366,36.836,34.369,95.351
CG,ASN,366,37.579,33.176,95.932
OD1,ASN,366,38.016,33.194,97.081
ND2,ASN,366,37.714,32.095,95.119
C,ASN,366,34.908,32.905,95.165
O,ASN,366,34.704,31.936,95.895
N,GLN,367,34.744,32.849,93.824
CA,GLN,367,34.3,31.645,93.182
CB,GLN,367,32.789,31.448,93.333
CG,GLN,367,32.241,30.294,92.503
CD,GLN,367,30.743,30.522,92.384
OE1,GLN,367,30.169,31.346,93.091
NE2,GLN,367,30.084,29.78,91.457
C,GLN,367,34.541,31.763,91.708
O,GLN,367,34.674,32.867,91.182
N,TYR,368,34.636,30.612,91.002
CA,TYR,368,34.719,30.658,89.567
CB,TYR,368,36.143,30.587,88.978
CG,TYR,368,36.806,29.291,89.295
CD1,TYR,368,36.586,28.174,88.519
CD2,TYR,368,37.668,29.207,90.363
CE1,TYR,368,37.214,26.987,88.813
CE2,TYR,368,38.297,28.024,90.66
CZ,TYR,368,38.07,26.913,89.885
OH,TYR,368,38.719,25.699,90.191
C,TYR,368,33.877,29.553,89.001
O,TYR,368,33.746,28.484,89.596
N,LYS,369,33.266,29.796,87.823
CA,LYS,369,32.374,28.825,87.26
CB,LYS,369,30.904,29.29,87.412
CG,LYS,369,29.793,28.359,86.919
CD,LYS,369,29.529,28.416,85.417
CE,LYS,369,28.789,29.682,84.981
NZ,LYS,369,28.284,29.519,83.601
C,LYS,369,32.746,28.594,85.829
O,LYS,369,33.147,29.515,85.12
N,ILE,370,32.694,27.317,85.396
CA,ILE,370,32.985,26.971,84.034
CB,ILE,370,34.323,26.321,83.867
CG2,ILE,370,35.406,27.376,84.116
CG1,ILE,370,34.428,25.086,84.767
CD1,ILE,370,35.697,24.274,84.524
C,ILE,370,31.912,26.058,83.537
O,ILE,370,31.614,25.035,84.151
N,THR,371,31.298,26.418,82.392
CA,THR,371,30.214,25.635,81.87
CB,THR,371,28.905,26.375,81.878
OG1,THR,371,28.57,26.781,83.194
CG2,THR,371,27.812,25.462,81.301
C,THR,371,30.511,25.307,80.439
O,THR,371,31.083,26.117,79.711
N,LEU,372,30.142,24.079,80.009
CA,LEU,372,30.297,23.671,78.637
CB,LEU,372,31.164,22.423,78.414
CG,LEU,372,32.669,22.61,78.649
CD1,LEU,372,33.418,21.331,78.26
CD2,LEU,372,33.215,23.849,77.922
C,LEU,372,28.947,23.274,78.13
O,LEU,372,28.211,22.558,78.806
N,ALA,373,28.578,23.716,76.911
CA,ALA,373,27.282,23.327,76.43
CB,ALA,373,26.172,24.335,76.778
C,ALA,373,27.294,23.185,74.939
O,ALA,373,28.068,23.834,74.235
N,GLN,374,26.412,22.298,74.429
CA,GLN,374,26.247,22.105,73.015
CB,GLN,374,26.295,20.627,72.591
CG,GLN,374,26.327,20.42,71.077
CD,GLN,374,27.716,20.814,70.595
OE1,GLN,374,27.869,21.45,69.554
NE2,GLN,374,28.76,20.416,71.371
C,GLN,374,24.876,22.624,72.723
O,GLN,374,23.899,22.18,73.322
N,GLN,375,24.757,23.571,71.776
CA,GLN,375,23.498,24.238,71.578
CB,GLN,375,23.647,25.72,71.962
CG,GLN,375,22.421,26.612,71.825
CD,GLN,375,22.827,27.927,72.477
OE1,GLN,375,23.099,27.967,73.676
NE2,GLN,375,22.893,29.024,71.676
C,GLN,375,23.059,24.133,70.148
O,GLN,375,23.851,23.825,69.26
N,TRP,376,21.74,24.316,69.913
CA,TRP,376,21.187,24.365,68.586
CB,TRP,376,20.285,23.16,68.261
CG,TRP,376,21.026,21.846,68.158
CD2,TRP,376,21.394,21.044,69.29
CD1,TRP,376,21.481,21.186,67.053
NE1,TRP,376,22.102,20.017,67.427
CE2,TRP,376,22.059,19.919,68.801
CE3,TRP,376,21.194,21.232,70.626
CZ2,TRP,376,22.534,18.957,69.645
CZ3,TRP,376,21.679,20.262,71.474
CH2,TRP,376,22.334,19.147,70.994
C,TRP,376,20.332,25.597,68.563
O,TRP,376,19.351,25.688,69.296
N,GLN,377,20.658,26.583,67.705
CA,GLN,377,19.903,27.807,67.752
CB,GLN,377,20.748,29.078,67.936
CG,GLN,377,21.828,28.995,69.011
CD,GLN,377,23.135,28.772,68.262
OE1,GLN,377,23.816,27.762,68.426
NE2,GLN,377,23.491,29.758,67.395
C,GLN,377,19.263,28.013,66.426
O,GLN,377,19.558,27.31,65.462
N,ALA,378,18.321,28.972,66.357
CA,ALA,378,17.813,29.306,65.067
CB,ALA,378,16.31,29.643,65.077
C,ALA,378,18.554,30.544,64.69
O,ALA,378,18.024,31.65,64.784
N,GLY,379,19.804,30.379,64.217
CA,GLY,379,20.582,31.523,63.858
C,GLY,379,22.034,31.184,63.985
O,GLY,379,22.427,30.217,64.638
N,ASP,380,22.854,31.975,63.275
CA,ASP,380,24.287,31.933,63.248
CB,ASP,380,24.87,32.574,61.981
CG,ASP,380,24.573,31.625,60.836
OD1,ASP,380,24.163,30.471,61.13
OD2,ASP,380,24.762,32.027,59.658
C,ASP,380,24.856,32.666,64.424
O,ASP,380,26.067,32.644,64.638
N,SER,381,24.03,33.413,65.182
CA,SER,381,24.662,34.262,66.149
CB,SER,381,24.153,35.71,66.116
OG,SER,381,22.82,35.766,66.595
C,SER,381,24.557,33.804,67.568
O,SER,381,23.759,32.945,67.94
N,ILE,382,25.452,34.394,68.389
CA,ILE,382,25.542,34.192,69.801
CB,ILE,382,26.74,34.852,70.422
CG2,ILE,382,26.543,36.377,70.361
CG1,ILE,382,26.977,34.298,71.838
CD1,ILE,382,28.36,34.627,72.398
C,ILE,382,24.309,34.791,70.395
O,ILE,382,23.859,34.393,71.466
N,TRP,383,23.812,35.861,69.749
CA,TRP,383,22.636,36.576,70.147
CB,TRP,383,22.537,37.973,69.516
CG,TRP,383,23.55,38.938,70.081
CD2,TRP,383,23.392,39.613,71.339
CD1,TRP,383,24.751,39.338,69.575
NE1,TRP,383,25.35,40.226,70.437
CE2,TRP,383,24.525,40.404,71.528
CE3,TRP,383,22.385,39.579,72.259
CZ2,TRP,383,24.67,41.176,72.645
CZ3,TRP,383,22.534,40.355,73.387
CH2,TRP,383,23.655,41.139,73.577
C,TRP,383,21.351,35.845,69.872
O,TRP,383,20.377,36.051,70.59
N,SER,384,21.292,35.004,68.819
CA,SER,384,20.042,34.45,68.353
CB,SER,384,20.12,33.931,66.908
OG,SER,384,20.98,32.803,66.845
C,SER,384,19.462,33.342,69.197
O,SER,384,20.167,32.459,69.686
N,ARG,385,18.109,33.375,69.332
CA,ARG,385,17.309,32.398,70.033
CB,ARG,385,16.657,32.936,71.315
CG,ARG,385,17.618,33.652,72.266
CD,ARG,385,18.713,32.765,72.858
NE,ARG,385,19.432,33.591,73.866
CZ,ARG,385,20.765,33.431,74.118
NH1,ARG,385,21.527,32.566,73.388
NH2,ARG,385,21.342,34.147,75.125
C,ARG,385,16.163,32.104,69.104
O,ARG,385,15.912,32.922,68.225
N,PRO,386,15.39,31.043,69.231
CA,PRO,386,15.425,30.083,70.304
CD,PRO,386,14.155,30.968,68.466
CB,PRO,386,14.195,29.195,70.111
CG,PRO,386,13.227,30.06,69.286
C,PRO,386,16.671,29.276,70.316
O,PRO,386,17.349,29.2,69.293
N,ALA,387,17.002,28.684,71.479
CA,ALA,387,18.167,27.858,71.555
CB,ALA,387,19.38,28.576,72.173
C,ALA,387,17.822,26.708,72.449
O,ALA,387,17.02,26.847,73.369
N,ILE,388,18.399,25.522,72.176
CA,ILE,388,18.179,24.39,73.029
CB,ILE,388,17.527,23.219,72.352
CG2,ILE,388,17.618,22.022,73.314
CG1,ILE,388,16.084,23.552,71.932
CD1,ILE,388,15.154,23.841,73.111
C,ILE,388,19.532,23.948,73.475
O,ILE,388,20.448,23.819,72.666
N,ARG,389,19.709,23.701,74.784
CA,ARG,389,21.046,23.386,75.184
CB,ARG,389,21.753,24.582,75.849
CG,ARG,389,20.952,25.184,77.003
CD,ARG,389,21.497,26.515,77.531
NE,ARG,389,21.275,27.556,76.484
CZ,ARG,389,20.808,28.792,76.831
NH1,ARG,389,20.474,29.062,78.127
NH2,ARG,389,20.675,29.763,75.881
C,ARG,389,21.105,22.195,76.079
O,ARG,389,20.141,21.835,76.753
N,VAL,390,22.268,21.517,76.018
CA,VAL,390,22.625,20.421,76.864
CB,VAL,390,22.925,19.16,76.11
CG1,VAL,390,23.414,18.092,77.102
CG2,VAL,390,21.661,18.752,75.334
C,VAL,390,23.896,20.898,77.488
O,VAL,390,24.79,21.353,76.775
N,PHE,391,24.022,20.833,78.831
CA,PHE,391,25.205,21.428,79.387
CB,PHE,391,25.026,22.916,79.729
CG,PHE,391,23.995,22.974,80.804
CD1,PHE,391,22.657,22.949,80.485
CD2,PHE,391,24.361,23.049,82.13
CE1,PHE,391,21.7,22.997,81.472
CE2,PHE,391,23.409,23.097,83.122
CZ,PHE,391,22.075,23.074,82.792
C,PHE,391,25.604,20.784,80.676
O,PHE,391,24.878,19.982,81.262
N,ALA,392,26.828,21.14,81.123
CA,ALA,392,27.371,20.71,82.375
CB,ALA,392,28.438,19.611,82.246
C,ALA,392,28.042,21.91,82.959
O,ALA,392,28.647,22.702,82.234
N,THR,393,27.946,22.08,84.293
CA,THR,393,28.547,23.234,84.892
CB,THR,393,27.541,24.244,85.365
OG1,THR,393,28.136,25.526,85.439
CG2,THR,393,27.054,23.843,86.767
C,THR,393,29.32,22.771,86.087
O,THR,393,28.971,21.773,86.717
N,TYR,394,30.422,23.481,86.406
CA,TYR,394,31.252,23.133,87.524
CB,TYR,394,32.575,22.493,87.072
CG,TYR,394,33.499,22.354,88.231
CD1,TYR,394,33.369,21.312,89.119
CD2,TYR,394,34.511,23.269,88.411
CE1,TYR,394,34.234,21.187,90.179
CE2,TYR,394,35.378,23.149,89.469
CZ,TYR,394,35.239,22.107,90.353
OH,TYR,394,36.132,21.984,91.437
C,TYR,394,31.584,24.389,88.264
O,TYR,394,31.913,25.405,87.655
N,ALA,395,31.514,24.358,89.611
CA,ALA,395,31.833,25.559,90.326
CB,ALA,395,30.595,26.364,90.752
C,ALA,395,32.559,25.21,91.585
O,ALA,395,32.237,24.228,92.255
N,LYS,396,33.571,26.034,91.927
CA,LYS,396,34.328,25.887,93.138
CB,LYS,396,35.796,25.498,92.921
CG,LYS,396,36.59,25.591,94.221
CD,LYS,396,37.934,24.874,94.219
CE,LYS,396,38.629,25.006,95.569
NZ,LYS,396,37.602,25.053,96.63
C,LYS,396,34.358,27.226,93.801
O,LYS,396,34.621,28.237,93.152
N,TRP,397,34.091,27.274,95.121
CA,TRP,397,34.1,28.537,95.802
CB,TRP,397,32.691,29.118,96.004
CG,TRP,397,31.752,28.155,96.685
CD2,TRP,397,30.915,27.229,95.977
CD1,TRP,397,31.522,27.951,98.013
NE1,TRP,397,30.599,26.946,98.178
CE2,TRP,397,30.214,26.494,96.931
CE3,TRP,397,30.747,27.009,94.64
CZ2,TRP,397,29.328,25.524,96.562
CZ3,TRP,397,29.852,26.03,94.27
CH2,TRP,397,29.156,25.302,95.213
C,TRP,397,34.728,28.371,97.151
O,TRP,397,34.851,27.263,97.673
N,ASP,398,35.193,29.504,97.717
CA,ASP,398,35.727,29.55,99.045
CB,ASP,398,37.261,29.557,99.11
CG,ASP,398,37.645,29.464,100.58
OD1,ASP,398,36.78,29.046,101.396
OD2,ASP,398,38.809,29.809,100.906
C,ASP,398,35.27,30.856,99.611
O,ASP,398,35.827,31.902,99.279
N,GLU,399,34.238,30.832,100.479
CA,GLU,399,33.698,32.057,100.995
CB,GLU,399,32.164,32.13,100.853
CG,GLU,399,31.707,32.153,99.387
CD,GLU,399,30.183,32.22,99.326
OE1,GLU,399,29.538,32.17,100.407
OE2,GLU,399,29.645,32.322,98.19
C,GLU,399,34.058,32.191,102.45
O,GLU,399,33.774,31.318,103.268
N,LYS,400,34.792,33.28,102.753
CA,LYS,400,35.294,33.735,104.022
CB,LYS,400,36.513,34.648,103.832
CG,LYS,400,37.694,33.941,103.163
CD,LYS,400,38.307,32.822,104.008
CE,LYS,400,37.369,31.638,104.24
NZ,LYS,400,38.052,30.606,105.052
C,LYS,400,34.296,34.479,104.881
O,LYS,400,34.509,34.586,106.087
N,TRP,401,33.243,35.11,104.314
CA,TRP,401,32.386,35.903,105.164
CB,TRP,401,32.719,37.406,105.121
CG,TRP,401,32.62,38.035,103.749
CD2,TRP,401,31.417,38.599,103.204
CD1,TRP,401,33.588,38.205,102.801
NE1,TRP,401,33.063,38.842,101.701
CE2,TRP,401,31.727,39.09,101.936
CE3,TRP,401,30.157,38.7,103.721
CZ2,TRP,401,30.778,39.693,101.161
CZ3,TRP,401,29.203,39.307,102.936
CH2,TRP,401,29.508,39.794,101.682
C,TRP,401,30.958,35.743,104.74
O,TRP,401,30.667,35.107,103.731
N,GLY,402,30.01,36.315,105.517
CA,GLY,402,28.628,36.15,105.157
C,GLY,402,27.823,37.207,105.838
O,GLY,402,28.363,38.07,106.525
N,TYR,403,26.486,37.154,105.669
CA,TYR,403,25.647,38.135,106.296
CB,TYR,403,24.54,38.698,105.389
CG,TYR,403,25.166,39.454,104.266
CD1,TYR,403,25.549,38.804,103.114
CD2,TYR,403,25.368,40.812,104.363
CE1,TYR,403,26.121,39.5,102.076
CE2,TYR,403,25.939,41.515,103.327
CZ,TYR,403,26.319,40.857,102.18
OH,TYR,403,26.907,41.571,101.112
C,TYR,403,24.956,37.444,107.427
O,TYR,403,24.535,36.296,107.304
N,ASP,404,24.842,38.13,108.58
CA,ASP,404,24.248,37.512,109.734
CB,ASP,404,24.771,38.089,111.061
CG,ASP,404,24.253,37.245,112.217
OD1,ASP,404,23.433,36.321,111.968
OD2,ASP,404,24.676,37.521,113.372
C,ASP,404,22.765,37.721,109.711
O,ASP,404,22.259,38.747,110.158
N,TYR,405,22.047,36.77,109.088
CA,TYR,405,20.614,36.681,109.035
CB,TYR,405,20.086,36.015,107.758
CG,TYR,405,20.328,37.036,106.702
CD1,TYR,405,19.587,38.197,106.693
CD2,TYR,405,21.283,36.846,105.729
CE1,TYR,405,19.791,39.158,105.732
CE2,TYR,405,21.491,37.804,104.764
CZ,TYR,405,20.747,38.96,104.764
OH,TYR,405,20.963,39.941,103.771
C,TYR,405,20.008,36.032,110.241
O,TYR,405,18.813,36.176,110.484
N,THR,406,20.782,35.209,110.97
CA,THR,406,20.239,34.443,112.059
CB,THR,406,21.277,33.634,112.777
OG1,THR,406,22.214,34.497,113.405
CG2,THR,406,21.995,32.739,111.753
C,THR,406,19.576,35.325,113.075
O,THR,406,19.897,36.503,113.228
N,GLY,407,18.589,34.746,113.792
CA,GLY,407,17.927,35.455,114.846
C,GLY,407,16.835,36.32,114.314
O,GLY,407,16.234,36.059,113.272
N,ASN,408,16.546,37.38,115.088
CA,ASN,408,15.493,38.31,114.837
CB,ASN,408,14.502,38.303,116.015
CG,ASN,408,13.181,38.946,115.638
OD1,ASN,408,13.113,40.08,115.168
ND2,ASN,408,12.079,38.183,115.866
C,ASN,408,16.139,39.654,114.79
O,ASN,408,17.247,39.835,115.287
N,ALA,409,15.478,40.637,114.16
CA,ALA,409,16.046,41.95,114.111
CB,ALA,409,15.197,42.929,113.287
C,ALA,409,16.114,42.447,115.52
O,ALA,409,16.978,43.255,115.857
N,ASP,410,15.118,42.057,116.343
CA,ASP,410,15.048,42.399,117.738
CB,ASP,410,13.665,42.052,118.325
CG,ASP,410,13.46,42.781,119.645
OD1,ASP,410,14.355,43.576,120.037
OD2,ASP,410,12.395,42.552,120.278
C,ASP,410,16.089,41.648,118.521
O,ASP,410,16.857,42.236,119.28
N,ASN,411,16.151,40.314,118.33
CA,ASN,411,17.039,39.453,119.065
CB,ASN,411,16.812,37.961,118.759
CG,ASN,411,15.45,37.536,119.29
OD1,ASN,411,15.063,36.375,119.161
ND2,ASN,411,14.702,38.495,119.898
C,ASN,411,18.466,39.742,118.713
O,ASN,411,19.335,39.761,119.585
N,ASN,412,18.75,39.983,117.421
CA,ASN,412,20.116,40.105,116.995
CB,ASN,412,20.421,39.297,115.719
CG,ASN,412,21.931,39.182,115.538
OD1,ASN,412,22.712,39.945,116.103
ND2,ASN,412,22.358,38.192,114.71
C,ASN,412,20.482,41.53,116.716
O,ASN,412,19.764,42.254,116.03
N,ALA,413,21.601,41.971,117.329
CA,ALA,413,22.211,43.259,117.156
CB,ALA,413,23.283,43.545,118.221
C,ALA,413,22.877,43.391,115.814
O,ALA,413,22.886,44.475,115.231
N,ASN,414,23.522,42.313,115.315
CA,ASN,414,24.203,42.42,114.051
CB,ASN,414,25.561,41.692,114.018
CG,ASN,414,26.58,42.486,114.827
OD1,ASN,414,26.286,43.566,115.336
ND2,ASN,414,27.824,41.945,114.931
C,ASN,414,23.372,41.786,112.988
O,ASN,414,23.894,41.092,112.116
N,PHE,415,22.058,42.056,112.988
CA,PHE,415,21.233,41.44,111.996
CB,PHE,415,19.734,41.62,112.296
CG,PHE,415,18.921,40.841,111.319
CD1,PHE,415,18.688,39.501,111.525
CD2,PHE,415,18.383,41.449,110.207
CE1,PHE,415,17.933,38.779,110.631
CE2,PHE,415,17.627,40.731,109.311
CZ,PHE,415,17.403,39.391,109.522
C,PHE,415,21.54,42.125,110.701
O,PHE,415,21.422,43.344,110.6
N,GLY,416,21.949,41.35,109.674
CA,GLY,416,22.185,41.909,108.374
C,GLY,416,23.576,42.46,108.232
O,GLY,416,23.852,43.176,107.271
N,LYS,417,24.508,42.139,109.15
CA,LYS,417,25.824,42.71,109.044
CB,LYS,417,26.402,43.14,110.403
CG,LYS,417,25.548,44.187,111.121
CD,LYS,417,25.477,45.532,110.4
CE,LYS,417,26.2,46.655,111.14
NZ,LYS,417,25.48,46.96,112.396
C,LYS,417,26.756,41.679,108.495
O,LYS,417,26.547,40.479,108.667
N,ALA,418,27.813,42.131,107.789
CA,ALA,418,28.76,41.186,107.278
CB,ALA,418,29.766,41.793,106.284
C,ALA,418,29.531,40.669,108.454
O,ALA,418,29.946,41.438,109.318
N,VAL,419,29.742,39.341,108.524
CA,VAL,419,30.481,38.786,109.624
CB,VAL,419,29.613,38.288,110.742
CG1,VAL,419,28.879,39.492,111.36
CG2,VAL,419,28.676,37.201,110.186
C,VAL,419,31.273,37.631,109.102
O,VAL,419,30.91,37.007,108.105
N,PRO,420,32.337,37.317,109.788
CA,PRO,420,33.225,36.276,109.351
CD,PRO,420,33.019,38.308,110.604
CB,PRO,420,34.455,36.377,110.251
CG,PRO,420,34.492,37.865,110.641
C,PRO,420,32.57,34.941,109.364
O,PRO,420,31.551,34.76,110.028
N,ALA,421,33.162,33.991,108.627
CA,ALA,421,32.588,32.694,108.452
CB,ALA,421,33.465,31.787,107.572
C,ALA,421,32.422,32.01,109.773
O,ALA,421,31.422,31.327,109.98
N,ASP,422,33.425,32.142,110.666
CA,ASP,422,33.525,31.503,111.957
CB,ASP,422,34.943,31.572,112.54
CG,ASP,422,35.87,30.894,111.551
OD1,ASP,422,35.922,31.375,110.387
OD2,ASP,422,36.52,29.887,111.934
C,ASP,422,32.655,32.092,113.029
O,ASP,422,32.278,31.379,113.957
N,PHE,423,32.35,33.402,112.929
CA,PHE,423,31.728,34.237,113.93
CB,PHE,423,30.974,35.41,113.268
CG,PHE,423,30.454,36.38,114.275
CD1,PHE,423,31.302,37.274,114.889
CD2,PHE,423,29.112,36.421,114.578
CE1,PHE,423,30.821,38.179,115.806
CE2,PHE,423,28.624,37.325,115.492
CZ,PHE,423,29.481,38.205,116.109
C,PHE,423,30.798,33.483,114.843
O,PHE,423,29.83,32.857,114.413
N,ASN,424,31.106,33.545,116.161
CA,ASN,424,30.365,32.915,117.224
CB,ASN,424,28.938,33.47,117.406
CG,ASN,424,29.015,34.684,118.325
OD1,ASN,424,28.687,34.577,119.506
ND2,ASN,424,29.473,35.852,117.8
C,ASN,424,30.287,31.438,117.019
O,ASN,424,29.321,30.798,117.432
N,GLY,425,31.302,30.855,116.361
CA,GLY,425,31.357,29.43,116.233
C,GLY,425,30.296,28.975,115.285
O,GLY,425,30.203,27.789,114.973
N,GLY,426,29.463,29.906,114.789
CA,GLY,426,28.432,29.51,113.877
C,GLY,426,29.058,29.468,112.531
O,GLY,426,30.245,29.751,112.379
N,SER,427,28.268,29.096,111.51
CA,SER,427,28.828,29.085,110.197
CB,SER,427,28.685,27.736,109.474
OG,SER,427,27.314,27.434,109.262
C,SER,427,28.076,30.089,109.4
O,SER,427,26.85,30.159,109.439
N,PHE,428,28.823,30.921,108.664
CA,PHE,428,28.233,31.89,107.802
CB,PHE,428,28.578,33.341,108.175
CG,PHE,428,27.847,33.655,109.437
CD1,PHE,428,26.552,34.122,109.393
CD2,PHE,428,28.447,33.486,110.664
CE1,PHE,428,25.868,34.414,110.548
CE2,PHE,428,27.766,33.776,111.824
CZ,PHE,428,26.475,34.242,111.768
C,PHE,428,28.84,31.588,106.475
O,PHE,428,29.716,30.731,106.375
N,GLY,429,28.335,32.205,105.398
CA,GLY,429,28.982,31.967,104.145
C,GLY,429,28.578,30.626,103.622
O,GLY,429,27.982,29.803,104.314
N,ARG,430,28.893,30.42,102.333
CA,ARG,430,28.655,29.231,101.575
CB,ARG,430,28.617,29.503,100.066
CG,ARG,430,27.944,28.38,99.281
CD,ARG,430,27.316,28.866,97.976
NE,ARG,430,28.229,29.893,97.409
CZ,ARG,430,28.525,29.875,96.08
NH1,ARG,430,27.971,28.93,95.266
NH2,ARG,430,29.384,30.802,95.571
C,ARG,430,29.651,28.157,101.902
O,ARG,430,29.396,26.981,101.649
N,GLY,431,30.842,28.525,102.416
CA,GLY,431,31.816,27.522,102.749
C,GLY,431,32.836,27.434,101.663
O,GLY,431,32.995,28.357,100.865
N,ASP,432,33.612,26.329,101.69
CA,ASP,432,34.616,26.02,100.712
CB,ASP,432,36.006,25.81,101.345
CG,ASP,432,37.052,25.655,100.25
OD1,ASP,432,36.688,25.81,99.056
OD2,ASP,432,38.232,25.381,100.599
C,ASP,432,34.191,24.706,100.135
O,ASP,432,34.371,23.668,100.771
N,SER,433,33.604,24.703,98.92
CA,SER,433,33.126,23.446,98.41
CB,SER,433,31.655,23.147,98.757
OG,SER,433,31.496,22.946,100.151
C,SER,433,33.182,23.427,96.914
O,SER,433,33.579,24.393,96.266
N,ASP,434,32.799,22.264,96.342
CA,ASP,434,32.734,22.035,94.924
CB,ASP,434,33.697,20.952,94.413
CG,ASP,434,35.054,21.578,94.183
OD1,ASP,434,35.07,22.728,93.67
OD2,ASP,434,36.085,20.929,94.506
C,ASP,434,31.373,21.52,94.575
O,ASP,434,30.633,21.04,95.432
N,GLU,435,31.003,21.63,93.282
CA,GLU,435,29.741,21.102,92.854
CB,GLU,435,28.537,21.907,93.373
CG,GLU,435,27.192,21.404,92.845
CD,GLU,435,26.906,20.051,93.474
OE1,GLU,435,27.551,19.725,94.505
OE2,GLU,435,26.035,19.323,92.929
C,GLU,435,29.678,21.122,91.36
O,GLU,435,30.328,21.939,90.708
N,TRP,436,28.893,20.188,90.781
CA,TRP,436,28.716,20.165,89.361
CB,TRP,436,29.632,19.141,88.662
CG,TRP,436,29.37,17.692,88.997
CD2,TRP,436,28.871,16.738,88.047
CD1,TRP,436,29.613,17.001,90.149
NE1,TRP,436,29.277,15.676,89.981
CE2,TRP,436,28.824,15.501,88.689
CE3,TRP,436,28.49,16.881,86.744
CZ2,TRP,436,28.391,14.383,88.032
CZ3,TRP,436,28.051,15.754,86.086
CH2,TRP,436,28.002,14.529,86.719
C,TRP,436,27.281,19.823,89.117
O,TRP,436,26.673,19.067,89.874
N,THR,437,26.703,20.408,88.051
CA,THR,437,25.321,20.234,87.715
CB,THR,437,24.544,21.487,87.994
OG1,THR,437,24.699,21.864,89.351
CG2,THR,437,23.06,21.259,87.693
C,THR,437,25.291,20.04,86.232
O,THR,437,26.307,20.231,85.567
N,PHE,438,24.143,19.599,85.675
CA,PHE,438,24.052,19.495,84.245
CB,PHE,438,24.914,18.373,83.636
CG,PHE,438,24.438,17.068,84.169
CD1,PHE,438,23.384,16.412,83.577
CD2,PHE,438,25.054,16.497,85.259
CE1,PHE,438,22.948,15.205,84.071
CE2,PHE,438,24.622,15.291,85.759
CZ,PHE,438,23.567,14.644,85.162
C,PHE,438,22.617,19.257,83.87
O,PHE,438,21.831,18.789,84.692
N,GLY,439,22.23,19.571,82.609
CA,GLY,439,20.857,19.364,82.227
C,GLY,439,20.595,19.913,80.852
O,GLY,439,21.512,20.102,80.053
N,ALA,440,19.296,20.148,80.542
CA,ALA,440,18.895,20.673,79.264
CB,ALA,440,18.121,19.661,78.401
C,ALA,440,17.994,21.849,79.504
O,ALA,440,17.238,21.873,80.473
N,GLN,441,18.06,22.869,78.618
CA,GLN,441,17.255,24.049,78.797
CB,GLN,441,17.988,25.157,79.576
CG,GLN,441,17.163,26.43,79.778
CD,GLN,441,18.036,27.462,80.483
OE1,GLN,441,19.219,27.241,80.739
NE2,GLN,441,17.428,28.633,80.807
C,GLN,441,16.937,24.637,77.457
O,GLN,441,17.587,24.347,76.454
N,MET,442,15.891,25.488,77.429
CA,MET,442,15.469,26.195,76.256
CB,MET,442,14.081,25.728,75.772
CG,MET,442,13.53,26.459,74.546
SD,MET,442,12.709,28.036,74.919
CE,MET,442,11.175,27.268,75.518
C,MET,442,15.398,27.633,76.671
O,MET,442,15.191,27.918,77.848
N,GLU,443,15.648,28.576,75.737
CA,GLU,443,15.55,29.979,76.049
CB,GLU,443,16.874,30.622,76.493
CG,GLU,443,16.715,32.108,76.817
CD,GLU,443,18.06,32.646,77.271
OE1,GLU,443,19.042,31.857,77.285
OE2,GLU,443,18.118,33.856,77.615
C,GLU,443,15.148,30.676,74.787
O,GLU,443,15.745,30.439,73.739
N,ILE,444,14.116,31.542,74.838
CA,ILE,444,13.712,32.204,73.63
CB,ILE,444,12.634,31.468,72.889
CG2,ILE,444,11.546,31.102,73.912
CG1,ILE,444,12.092,32.306,71.716
CD1,ILE,444,13.149,32.739,70.706
C,ILE,444,13.156,33.551,73.919
O,ILE,444,12.556,33.791,74.965
