Var1,Var2,Var3,Var4,Var5
N,26,5.01,38.197,65.248
CA,26,4.541,38.519,66.56
CB,26,3.173,38.016,66.916
CG1,26,2.92,38.341,68.4
CG2,26,2.146,38.66,65.974
C,26,5.484,37.893,67.51
O,26,5.946,36.771,67.3
N,27,5.824,38.646,68.567
CA,27,6.715,38.144,69.556
CB,27,7.405,39.248,70.38
CG,27,8.42,39.979,69.511
OD1,27,8.707,39.504,68.38
OD2,27,8.93,41.029,69.983
C,27,5.857,37.366,70.492
O,27,4.952,37.906,71.126
N,28,6.093,36.05,70.571
CA,28,5.318,35.264,71.474
CB,28,4.633,34.085,70.764
CG,28,3.985,33.203,71.769
CD1,28,2.932,33.648,72.534
CD2,28,4.417,31.905,71.909
CE1,28,2.335,32.814,73.453
CE2,28,3.824,31.067,72.822
CZ,28,2.784,31.523,73.597
C,28,6.271,34.762,72.488
O,28,7.293,34.164,72.155
N,29,5.977,35.043,73.767
CA,29,6.851,34.578,74.791
ND1,29,9.974,35.461,73.902
CG,29,8.785,36.093,74.193
CB,29,7.843,35.649,75.276
NE2,29,9.794,37.164,72.483
CD2,29,8.69,37.129,73.318
CE1,29,10.535,36.143,72.872
C,29,5.978,34.208,75.944
O,29,4.954,34.85,76.173
N,30,6.344,33.138,76.679
CA,30,5.565,32.749,77.82
C,30,6.28,31.607,78.493
O,30,6.71,30.652,77.843
N,31,6.414,31.683,79.835
CA,31,7.124,30.695,80.609
CB,31,8.616,31.082,80.741
CG,31,9.361,30.127,81.615
CD1,31,9.952,28.999,81.089
CD2,31,9.483,30.366,82.965
CE1,31,10.642,28.126,81.899
CE2,31,10.17,29.498,83.78
CZ,31,10.748,28.373,83.247
OH,31,11.454,27.48,84.081
C,31,6.525,30.639,81.993
O,31,5.788,31.542,82.382
N,32,6.791,29.561,82.779
CA,32,6.297,29.543,84.138
CB,32,4.817,29.153,84.238
C,32,7.062,28.534,84.956
O,32,7.538,27.533,84.426
N,33,7.182,28.788,86.284
CA,33,7.88,27.932,87.216
CB,33,9.401,28.138,87.097
CG,33,10.25,27.545,88.218
CD,33,11.751,27.789,88.023
NE,33,12.049,29.217,88.339
CZ,33,12.342,30.114,87.35
NH1,33,12.374,29.715,86.044
NH2,33,12.633,31.407,87.672
C,33,7.475,28.372,88.604
O,33,7.324,29.569,88.84
N,34,7.272,27.439,89.567
CA,34,6.936,27.893,90.899
CB,34,5.496,28.418,91.014
OG,34,5.249,28.848,92.344
C,34,7.067,26.761,91.887
O,34,6.995,25.598,91.499
N,35,7.256,27.081,93.2
CA,35,7.365,26.03,94.188
C,35,7.775,26.552,95.553
O,35,7.771,27.753,95.81
N,36,8.097,25.625,96.495
CA,36,8.557,25.992,97.817
CB,36,7.496,25.923,98.877
CG2,36,7.099,24.447,99.053
CG1,36,7.982,26.62,100.164
CD1,36,6.867,26.932,101.165
C,36,9.672,25.055,98.208
O,36,9.74,23.935,97.706
N,37,10.593,25.482,99.109
CA,37,11.683,24.598,99.433
C,37,12.363,25.027,100.71
O,37,12.121,26.124,101.214
N,38,13.234,24.137,101.258
CA,38,13.981,24.39,102.466
CB,38,13.416,23.697,103.72
CG,38,12.185,24.349,104.307
CD2,38,10.845,24.176,103.823
CD1,38,12.104,25.201,105.37
NE1,38,10.796,25.56,105.586
CE2,38,10.009,24.942,104.638
CE3,38,10.348,23.437,102.788
CZ2,38,8.661,24.979,104.435
CZ3,38,8.988,23.491,102.58
CH2,38,8.16,24.245,103.385
C,38,15.415,23.938,102.305
O,38,15.733,23.079,101.482
N,39,16.318,24.583,103.085
CA,39,17.75,24.386,103.094
CB,39,18.503,25.527,103.701
OG1,39,18.232,26.716,102.982
CG2,39,20.004,25.201,103.631
C,39,18.263,23.143,103.766
O,39,19.242,22.574,103.312
N,40,17.71,22.687,104.895
CA,40,18.309,21.542,105.531
C,40,19.102,22.074,106.685
O,40,18.85,21.722,107.833
N,41,20.072,22.969,106.408
CA,41,20.826,23.601,107.452
CB,41,21.958,24.503,106.932
OG,41,22.849,23.746,106.129
C,41,19.842,24.5,108.107
O,41,19.988,24.869,109.273
N,42,18.781,24.852,107.354
CA,42,17.779,25.73,107.886
C,42,17.664,26.937,107.008
O,42,18.614,27.36,106.348
N,43,16.451,27.521,106.991
CA,43,16.17,28.702,106.225
C,43,15.544,28.294,104.93
O,43,15.373,27.111,104.646
N,44,15.176,29.298,104.113
CA,44,14.564,29.085,102.836
CB,44,14.045,30.378,102.18
CG,44,15.147,31.417,101.973
CD,44,14.598,32.518,101.08
OE1,44,13.761,32.207,100.192
OE2,44,15.015,33.691,101.273
C,44,15.616,28.493,101.955
O,44,16.807,28.697,102.176
N,45,15.184,27.738,100.926
CA,45,16.067,27.008,100.051
CB,45,15.331,26.166,98.997
CG,45,16.259,25.392,98.063
CD,45,15.365,24.579,97.143
OE1,45,14.171,24.437,97.407
NE2,45,15.951,24.032,96.043
C,45,17.021,27.904,99.318
O,45,16.708,29.048,98.995
N,46,18.237,27.371,99.047
CA,46,19.299,28.076,98.374
CB,46,20.63,28.048,99.14
CG,46,20.607,28.682,100.531
CD,46,22.014,28.52,101.092
OE1,46,22.945,28.222,100.346
NE2,46,22.177,28.708,102.429
C,46,19.605,27.364,97.084
O,46,19.315,26.177,96.945
N,47,20.219,28.079,96.108
CA,47,20.539,27.479,94.837
CB,47,19.943,28.256,93.647
SG,47,18.119,28.263,93.559
C,47,22.038,27.463,94.649
O,47,22.742,28.348,95.128
N,48,22.582,26.468,93.908
CA,48,24.022,26.375,93.84
CB,48,24.521,24.989,94.269
CG,48,23.872,24.718,95.583
CD1,48,24.438,25.166,96.75
CD2,48,22.679,24.036,95.644
CE1,48,23.834,24.922,97.96
CE2,48,22.071,23.79,96.854
CZ,48,22.648,24.232,98.019
C,48,24.522,26.614,92.439
O,48,24.073,25.984,91.484
N,49,25.506,27.527,92.285
CA,49,26.032,27.827,90.979
CB,49,25.471,29.154,90.431
CG,49,25.911,29.538,89.017
CD,49,25.177,30.828,88.668
OE1,49,24.808,31.591,89.56
NE2,49,24.945,31.079,87.352
C,49,27.531,27.946,91.081
O,49,28.063,28.486,92.048
N,50,28.259,27.443,90.063
CA,50,29.696,27.503,90.048
CB,50,30.306,26.71,88.922
OG1,50,29.979,25.332,89.038
CG2,50,31.83,26.91,88.937
C,50,30.098,28.93,89.842
O,50,29.538,29.638,89.007
N,51,31.11,29.392,90.599
CA,51,31.507,30.765,90.487
CB,51,32.441,31.207,91.574
OG1,51,33.641,30.449,91.539
CG2,51,31.736,31.03,92.927
C,51,32.184,30.982,89.171
O,51,33.173,30.325,88.843
N,52,31.641,31.938,88.389
CA,52,32.185,32.301,87.114
C,52,31.496,31.536,86.024
O,52,31.684,31.835,84.844
N,53,30.68,30.527,86.388
CA,53,30.032,29.72,85.39
CB,53,29.631,28.326,85.897
C,53,28.798,30.403,84.892
O,53,28.226,31.267,85.553
N,54,28.408,30.041,83.658
CA,54,27.274,30.557,82.95
CB,54,27.3,30.185,81.462
CG,54,27.243,28.674,81.248
CD,54,26.817,28.4,79.812
OE1,54,27.125,29.151,78.886
NE2,54,26.059,27.291,79.615
C,54,25.963,30.057,83.487
O,54,24.976,30.796,83.468
N,55,25.902,28.784,83.948
CA,55,24.616,28.231,84.277
CB,55,24.036,27.376,83.141
OG,55,23.867,28.148,81.963
C,55,24.725,27.285,85.432
O,55,25.807,26.984,85.928
N,56,23.552,26.809,85.898
CA,56,23.473,25.841,86.948
CB,56,22.901,26.43,88.253
CG,56,21.631,27.254,88.038
CD,56,20.89,27.613,89.326
CE,56,19.646,28.474,89.087
NZ,56,18.562,27.67,88.474
C,56,22.58,24.756,86.432
O,56,21.861,24.952,85.453
N,57,22.621,23.563,87.056
CA,57,21.777,22.536,86.527
CB,57,22.358,21.122,86.734
CG,57,21.831,20.254,85.64
CD1,57,22.435,20.322,84.405
CD2,57,20.76,19.406,85.807
CE1,57,21.997,19.553,83.356
CE2,57,20.316,18.631,84.757
CZ,57,20.935,18.704,83.531
OH,57,20.481,17.914,82.456
C,57,20.505,22.701,87.3
O,57,20.494,22.596,88.522
N,58,19.397,22.942,86.57
CA,58,18.114,23.352,87.081
CB,58,17.081,23.609,85.972
CG,58,17.36,24.806,85.058
CD,58,16.183,25.081,84.117
NE,58,16.59,26.109,83.119
CZ,58,16.199,27.412,83.24
NH1,58,15.5,27.845,84.329
NH2,58,16.492,28.288,82.237
C,58,17.445,22.392,88.024
O,58,16.811,22.843,88.975
N,59,17.536,21.067,87.804
CA,59,16.772,20.137,88.597
CB,59,17.158,18.679,88.314
CG,59,16.451,17.665,89.229
CD1,59,14.953,17.544,88.907
CD2,59,17.197,16.328,89.241
C,59,16.965,20.352,90.07
O,59,18.047,20.149,90.619
N,60,15.874,20.775,90.746
CA,60,15.877,20.957,92.17
C,60,16.846,22.036,92.533
O,60,17.4,22.017,93.632
N,61,17.106,22.985,91.608
CA,61,18.012,24.04,91.959
CB,61,19.445,23.769,91.454
CG,61,20.444,24.625,92.231
OD1,61,20.087,25.371,93.141
ND2,61,21.748,24.508,91.861
C,61,17.553,25.334,91.335
O,61,18.345,26.004,90.674
N,62,16.278,25.743,91.549
CA,62,15.778,26.995,91.023
CB,62,14.796,26.825,89.854
CG,62,15.459,26.204,88.622
CD,62,14.404,26.035,87.542
OE1,62,13.518,25.157,87.703
OE2,62,14.471,26.787,86.535
C,62,15.051,27.688,92.141
O,62,14.172,27.108,92.773
N,63,15.495,28.928,92.439
CA,63,15.099,29.84,93.483
CB,63,16.282,30.696,93.962
SG,63,17.535,29.715,94.859
C,63,13.905,30.75,93.269
O,63,13.519,31.419,94.225
N,64,13.324,30.911,92.059
CA,64,12.362,31.986,91.943
CB,64,12.849,33.079,90.981
CG,64,14.327,33.417,91.178
CD,64,15.115,32.337,90.432
OE1,64,14.874,32.178,89.204
OE2,64,15.938,31.639,91.082
C,64,11.089,31.486,91.335
O,64,11.003,30.377,90.816
N,65,10.035,32.322,91.425
CA,65,8.802,32.016,90.773
CB,65,7.593,32.374,91.593
OG1,65,7.593,31.646,92.81
CG2,65,6.325,32.07,90.78
C,65,8.823,32.924,89.601
O,65,8.962,34.135,89.752
N,66,8.74,32.368,88.388
CA,66,8.821,33.259,87.279
CB,66,10.156,33.105,86.544
CG,66,10.228,34.129,85.478
CD1,66,10.451,35.442,85.814
CD2,66,10.108,33.773,84.158
CE1,66,10.528,36.403,84.837
CE2,66,10.186,34.734,83.179
CZ,66,10.397,36.048,83.518
OH,66,10.478,37.035,82.516
C,66,7.734,32.874,86.331
O,66,7.494,31.684,86.13
N,67,7.023,33.863,85.744
CA,67,6.038,33.485,84.768
CB,67,4.739,32.949,85.395
C,67,5.672,34.687,83.949
O,67,5.577,35.806,84.454
N,68,5.45,34.483,82.635
CA,68,5.065,35.613,81.84
CB,68,6.244,36.378,81.219
CG,68,7.087,37.193,82.198
CD,68,8.067,37.966,81.334
OE1,68,8.106,37.673,80.11
OE2,68,8.775,38.859,81.87
C,68,4.267,35.132,80.678
O,68,4.619,34.153,80.033
N,69,3.157,35.808,80.358
CA,69,2.428,35.364,79.205
CB,69,0.968,35.049,79.541
CG,69,0.864,34.057,80.713
CD1,69,-0.583,33.58,80.905
CD2,69,1.891,32.917,80.576
C,69,2.423,36.515,78.256
O,69,1.856,37.56,78.562
N,70,3.011,36.366,77.052
CA,70,3.097,37.579,76.291
CB,70,4.442,38.296,76.504
CG,70,4.456,39.677,75.861
CD,70,5.757,40.466,76.022
CE,70,6.33,40.467,77.438
NZ,70,7.486,41.389,77.5
C,70,2.964,37.395,74.807
O,70,3.403,36.404,74.229
N,71,2.316,38.386,74.156
CA,71,2.244,38.494,72.719
CB,71,0.878,38.145,72.089
CG,71,0.486,36.654,72.099
CD1,71,1.376,35.825,71.16
CD2,71,0.429,36.097,73.526
C,71,2.437,39.95,72.416
O,71,1.702,40.785,72.936
N,72,3.412,40.314,71.559
CA,72,3.578,41.721,71.283
C,72,4.357,41.888,70.008
O,72,4.93,40.928,69.498
N,73,4.394,43.121,69.441
CA,73,5.151,43.338,68.227
CB,73,4.433,42.872,66.951
CG,73,5.126,43.319,65.656
CD,73,6.522,42.714,65.608
OE1,73,6.858,41.828,66.389
NE2,73,7.371,43.213,64.672
C,73,5.453,44.797,68.018
O,73,4.627,45.659,68.31
N,74,6.656,45.098,67.468
CA,74,7.068,46.443,67.163
CB,74,8.59,46.604,66.99
CG,74,9,48.002,66.511
CD,74,10.43,47.952,65.972
OE1,74,11.225,47.079,66.412
OE2,74,10.737,48.802,65.092
C,74,6.481,46.747,65.833
O,74,6.979,46.299,64.802
N,75,5.372,47.494,65.83
CA,75,4.721,47.736,64.588
CB,75,3.31,48.178,64.755
CG1,75,2.754,48.401,63.351
CG2,75,2.55,47.117,65.561
C,75,5.427,48.752,63.737
O,75,5.564,48.554,62.53
N,76,5.911,49.863,64.337
CA,76,6.362,50.964,63.523
CB,76,5.294,52.075,63.595
CG,76,5.512,53.397,62.896
CD2,76,6.283,54.48,63.437
CD1,76,4.983,53.849,61.724
NE1,76,5.356,55.155,61.51
CE2,76,6.157,55.556,62.556
CE3,76,7.028,54.574,64.578
CZ2,76,6.77,56.75,62.805
CZ3,76,7.646,55.781,64.825
CH2,76,7.516,56.846,63.957
C,76,7.66,51.515,64.043
O,76,7.789,51.828,65.223
N,77,8.676,51.647,63.165
CA,77,9.886,52.288,63.59
CB,77,11.073,51.347,63.868
CG,77,12.323,52.123,64.3
CD,77,13.391,51.304,65.031
CE,77,13.246,51.35,66.557
NZ,77,14.239,50.456,67.195
C,77,10.284,53.214,62.501
O,77,10.296,52.849,61.328
N,78,10.599,54.466,62.858
CA,78,10.977,55.357,61.815
CB,78,9.824,56.312,61.473
CG,78,9.846,56.859,60.051
CD,78,8.435,57.344,59.748
OE1,78,7.949,58.25,60.47
OE2,78,7.818,56.798,58.792
C,78,12.132,56.133,62.336
O,78,11.961,57.119,63.051
N,79,13.354,55.705,61.974
CA,79,14.497,56.414,62.454
C,79,14.443,56.375,63.938
O,79,14.594,55.319,64.553
N,80,14.239,57.557,64.549
CA,80,14.125,57.623,65.969
CB,80,14.423,59.011,66.568
CG,80,15.869,59.372,66.265
OD1,80,16.181,59.572,65.061
OD2,80,16.679,59.453,67.227
C,80,12.699,57.34,66.272
O,80,11.799,57.697,65.515
N,81,12.453,56.645,67.383
CA,81,11.109,56.381,67.775
CB,81,10.123,57.562,67.665
CG,81,10.284,58.649,68.729
CD,81,11.571,59.465,68.619
CE,81,11.562,60.731,69.478
NZ,81,11.226,60.384,70.877
C,81,10.541,55.247,67.005
O,81,10.95,54.912,65.894
N,82,9.552,54.621,67.655
CA,82,8.857,53.503,67.116
CB,82,9.703,52.219,67.146
OG,82,10.054,51.896,68.483
C,82,7.646,53.313,67.984
O,82,7.523,53.954,69.026
N,83,6.699,52.454,67.54
CA,83,5.516,52.151,68.302
CB,83,4.191,52.336,67.53
CG,83,3.926,53.789,67.304
CD1,83,3.326,54.565,68.27
CD2,83,4.263,54.38,66.109
CE1,83,3.077,55.902,68.053
CE2,83,4.017,55.716,65.885
CZ,83,3.421,56.481,66.857
C,83,5.585,50.701,68.665
O,83,5.861,49.846,67.827
N,84,5.331,50.373,69.945
CA,84,5.415,48.988,70.31
CB,84,6.582,48.72,71.276
CG,84,6.838,47.256,71.368
CD1,84,7.448,46.611,70.32
CD2,84,6.509,46.534,72.493
CE1,84,7.714,45.265,70.377
CE2,84,6.774,45.185,72.558
CZ,84,7.371,44.548,71.497
OH,84,7.641,43.164,71.563
C,84,4.136,48.613,70.998
O,84,3.625,49.35,71.84
N,85,3.578,47.439,70.636
CA,85,2.357,46.966,71.224
CB,85,1.303,46.602,70.157
CG,85,0.102,45.991,70.799
CD1,85,-0.748,46.732,71.588
CD2,85,-0.187,44.666,70.57
CE1,85,-1.854,46.151,72.163
CE2,85,-1.292,44.081,71.14
CZ,85,-2.13,44.824,71.937
C,85,2.704,45.746,72.016
O,85,3.356,44.836,71.506
N,86,2.304,45.696,73.307
CA,86,2.687,44.52,74.045
CB,86,4.022,44.703,74.8
CG,86,4.629,43.347,75.142
OD1,86,4.088,42.323,74.651
OD2,86,5.645,43.318,75.891
C,86,1.626,44.18,75.073
O,86,0.983,45.057,75.652
N,87,1.424,42.864,75.318
CA,87,0.465,42.362,76.267
CB,87,-0.688,41.666,75.622
OG1,87,-0.221,40.499,74.964
CG2,87,-1.342,42.62,74.603
C,87,1.159,41.338,77.12
O,87,1.966,40.552,76.624
N,88,0.885,41.301,78.442
CA,88,1.629,40.307,79.176
CB,88,3.125,40.701,79.236
CG,88,3.925,39.819,80.181
OD1,88,4.597,40.337,81.071
ND2,88,3.869,38.475,80.012
C,88,1.126,40.22,80.58
O,88,0.898,41.23,81.238
N,89,0.937,38.998,81.104
CA,89,0.62,38.941,82.503
CB,89,-0.528,38.038,82.84
CG1,89,-0.653,37.967,84.375
CG2,89,-1.785,38.559,82.121
C,89,1.841,38.356,83.137
O,89,2.165,37.211,82.854
N,90,2.561,39.089,84.015
CA,90,3.789,38.497,84.474
CB,90,5.056,39.126,83.861
C,90,3.939,38.63,85.928
O,90,3.439,39.556,86.566
N,91,4.642,37.638,86.484
CA,91,4.918,37.628,87.876
CB,91,4.09,36.565,88.624
CG,91,2.621,36.815,88.455
CD1,91,1.976,36.485,87.28
CD2,91,1.876,37.357,89.48
CE1,91,0.622,36.698,87.129
CE2,91,0.523,37.573,89.336
CZ,91,-0.105,37.252,88.156
OH,91,-1.492,37.474,88.008
C,91,6.36,37.228,88.034
O,91,6.821,36.281,87.396
N,92,7.126,37.961,88.869
CA,92,8.472,37.558,89.183
CB,92,9.563,38.413,88.522
OG,92,10.841,37.924,88.898
C,92,8.561,37.762,90.65
O,92,8.296,38.855,91.146
N,93,8.941,36.719,91.4
CA,93,8.865,36.925,92.808
CB,93,7.462,36.682,93.303
CG1,93,7.093,35.233,92.961
CG2,93,7.344,37.009,94.798
C,93,9.779,35.975,93.5
O,93,10.227,34.975,92.94
N,94,10.079,36.332,94.761
CA,94,10.864,35.607,95.707
CB,94,11.05,36.375,97.03
C,94,10.135,34.34,96.02
O,94,10.742,33.327,96.357
N,95,8.794,34.384,95.937
CA,95,7.971,33.255,96.25
CB,95,8.41,31.979,95.505
CG,95,7.551,30.752,95.803
CD,95,6.097,31.196,95.781
OE1,95,5.355,30.917,96.722
NE2,95,5.679,31.904,94.699
C,95,8.012,33.053,97.726
O,95,7.758,31.964,98.24
N,96,8.473,34.096,98.436
CA,96,8.278,34.171,99.845
CB,96,9.339,35.028,100.546
CG,96,10.703,34.338,100.497
CD,96,11.732,35.238,101.152
OE1,96,11.78,36.437,100.884
NE2,96,12.581,34.649,102.034
C,96,6.902,34.748,100.072
O,96,6.191,34.322,100.981
N,97,6.501,35.732,99.217
CA,97,5.263,36.481,99.318
CB,97,5.415,37.803,100.091
CG,97,6.433,38.666,99.357
OD1,97,7.592,38.28,99.217
ND2,97,5.991,39.855,98.867
C,97,4.743,36.829,97.933
O,97,5.253,36.315,96.941
N,98,3.685,37.695,97.838
CA,98,3.016,38.014,96.583
CB,98,1.484,37.889,96.634
CG,98,1.158,36.408,96.458
OD1,98,2.058,35.663,95.979
OD2,98,0.012,36.002,96.781
C,98,3.374,39.334,95.924
O,98,4.265,40.054,96.378
N,99,2.69,39.636,94.774
CA,99,2.883,40.813,93.937
CB,99,4.199,40.791,93.129
CG,99,5.454,40.759,93.965
CD2,99,6.029,41.9,94.625
CD1,99,6.247,39.695,94.268
NE1,99,7.281,40.095,95.079
CE2,99,7.16,41.45,95.306
CE3,99,5.651,43.209,94.655
CZ2,99,7.932,42.31,96.034
CZ3,99,6.426,44.073,95.395
CH2,99,7.545,43.631,96.071
C,99,1.792,40.842,92.875
O,99,0.798,40.125,92.998
N,100,1.928,41.715,91.828
CA,100,1.004,41.772,90.698
CB,100,-0.361,42.401,91.056
CG,100,-0.308,43.842,91.569
CD,100,-0.47,44.776,90.377
OE1,100,-1.287,44.45,89.475
OE2,100,0.208,45.838,90.359
C,100,1.631,42.541,89.523
O,100,2.461,43.415,89.773
N,101,1.327,42.228,88.208
CA,101,1.864,43.105,87.167
CB,101,3.391,43.002,87.021
C,101,1.269,42.921,85.766
O,101,1.021,41.797,85.325
N,102,1.03,44.066,85.046
CA,102,0.596,44.22,83.674
CB,102,-0.213,43.038,83.198
OG1,102,-0.627,43.229,81.853
CG2,102,-1.412,42.793,84.133
C,102,-0.209,45.514,83.474
O,102,-1.434,45.468,83.551
N,103,0.404,46.7,83.156
CA,103,-0.436,47.87,82.979
CB,103,-1.029,48.375,84.307
CG,103,0.116,48.705,85.253
OD1,103,1.292,48.502,84.851
OD2,103,-0.171,49.138,86.401
C,103,0.316,48.993,82.338
O,103,1.433,48.838,81.83
N,104,-0.477,50.035,82.175
CA,104,-0.026,51.364,81.815
CD,104,-1.816,49.77,81.668
CB,104,-1.239,52.073,81.217
CG,104,-2.136,50.933,80.718
C,104,0.513,52.112,82.992
O,104,1.319,53.023,82.807
N,105,0.064,51.739,84.205
CA,105,0.339,52.458,85.416
CB,105,-0.644,52.155,86.56
C,105,1.707,52.148,85.907
O,105,2.452,51.39,85.291
N,106,2.061,52.776,87.045
CA,106,3.346,52.647,87.659
CB,106,3.458,53.412,88.987
CG,106,3.553,54.858,88.64
CD1,106,2.433,55.59,88.323
CD2,106,4.779,55.483,88.63
CE1,106,2.538,56.926,88.007
CE2,106,4.891,56.816,88.316
CZ,106,3.768,57.54,88.003
C,106,3.657,51.204,87.894
O,106,2.767,50.388,88.133
N,107,4.965,50.878,87.81
CA,107,5.482,49.537,87.88
CB,107,6.222,49.13,86.588
CG,107,5.294,48.937,85.382
CD,107,6.022,48.716,84.049
NE,107,6.545,50.036,83.591
CZ,107,6.275,50.485,82.328
NH1,107,5.566,49.708,81.458
NH2,107,6.71,51.718,81.935
C,107,6.47,49.44,89.011
O,107,6.66,50.385,89.772
N,108,7.053,48.229,89.178
CA,108,7.981,47.875,90.217
CB,108,8.189,46.352,90.323
CG,108,8.612,45.68,89.013
CD,108,7.35,45.441,88.193
OE1,108,6.246,45.783,88.7
OE2,108,7.466,44.906,87.06
C,108,9.345,48.505,90.111
O,108,9.842,49.03,91.106
N,109,10.014,48.509,88.937
CA,109,11.36,49.003,89.056
CB,109,12.31,47.982,89.705
C,109,11.957,49.358,87.729
O,109,11.42,49.055,86.665
N,110,13.146,49.996,87.791
CA,110,13.883,50.424,86.635
CB,110,14.389,49.278,85.74
CG,110,15.351,49.891,84.733
OD1,110,15.682,51.073,84.823
ND2,110,15.79,49.086,83.73
C,110,13.028,51.299,85.777
O,110,12.867,51.05,84.586
N,111,12.466,52.367,86.375
CA,111,11.624,53.281,85.657
CB,111,11.035,54.333,86.544
CG1,111,10.181,55.294,85.7
CG2,111,10.283,53.621,87.675
C,111,12.457,53.995,84.646
O,111,13.667,54.137,84.812
N,112,11.814,54.439,83.546
CA,112,12.523,55.144,82.519
CB,112,11.728,55.4,81.227
CG,112,11.297,54.168,80.433
CD,112,10.646,54.689,79.154
OE1,112,10.86,55.836,78.762
NE2,112,9.83,53.83,78.488
C,112,12.835,56.508,83.039
O,112,12.145,57.029,83.914
N,113,13.907,57.124,82.505
CA,113,14.262,58.445,82.923
C,113,14.734,58.351,84.332
O,113,15.486,57.445,84.68
N,114,14.298,59.31,85.169
CA,114,14.659,59.338,86.553
CB,114,13.965,60.504,87.28
CG,114,14.308,60.664,88.759
CD,114,13.869,62.016,89.326
CE,114,14.011,62.11,90.846
NZ,114,13.03,61.209,91.493
C,114,14.179,58.033,87.103
O,114,13.119,57.551,86.71
N,115,14.948,57.412,88.022
CA,115,14.568,56.095,88.449
CB,115,15.756,55.211,88.868
CG,115,15.267,53.772,88.914
OD1,115,14.097,53.489,88.659
ND2,115,16.188,52.832,89.256
C,115,13.634,56.186,89.61
O,115,14.005,56.612,90.702
N,116,12.37,55.795,89.364
CA,116,11.318,55.815,90.339
CB,116,9.911,55.683,89.736
CG,116,8.797,55.751,90.799
CD1,116,8.822,57.086,91.562
CD2,116,7.423,55.456,90.182
C,116,11.478,54.733,91.368
O,116,11.092,54.929,92.517
N,117,12.031,53.561,90.984
CA,117,12.114,52.443,91.893
CB,117,12.903,51.257,91.312
OG,117,14.232,51.652,91.008
C,117,12.804,52.898,93.134
O,117,12.25,52.803,94.228
N,118,14.031,53.422,92.981
CA,118,14.751,54.008,94.064
CB,118,15.798,53.073,94.702
CG,118,16.803,52.609,93.662
OD1,118,16.814,53.059,92.517
ND2,118,17.677,51.654,94.079
C,118,15.399,55.206,93.459
O,118,15.555,55.265,92.241
N,119,15.777,56.207,94.275
CA,119,16.31,57.393,93.676
C,119,17.55,57.033,92.93
O,119,18.419,56.337,93.449
N,120,17.648,57.516,91.675
CA,120,18.804,57.289,90.859
CB,120,18.656,56.097,89.905
SG,120,18.627,54.517,90.803
C,120,19.015,58.514,90.024
O,120,20.126,59.021,89.914
N,121,17.932,59.041,89.425
CA,121,18.016,60.217,88.604
CB,121,18.556,61.456,89.336
CG,121,17.666,62.001,90.452
CD,121,18.385,63.222,91.015
OE1,121,19.256,63.122,91.877
NE2,121,18.027,64.424,90.489
C,121,18.942,59.989,87.454
O,121,19.659,60.902,87.05
N,122,18.948,58.773,86.878
CA,122,19.8,58.55,85.745
CB,122,21.107,57.816,86.066
C,122,19.059,57.704,84.76
O,122,17.979,57.187,85.038
N,123,19.631,57.591,83.592
CA,123,19.04,56.829,82.524
CD,123,20.52,58.626,83.091
CB,123,19.743,57.283,81.239
CG,123,20.956,58.101,81.717
C,123,19.116,55.35,82.769
O,123,19.909,54.909,83.593
N,124,18.264,54.606,82.107
CA,124,18.2,53.174,82.217
CD,124,17.161,55.163,81.347
CB,124,16.933,52.759,81.461
CG,124,16.607,53.965,80.558
C,124,19.434,52.477,81.737
O,124,19.787,51.45,82.312
N,125,20.103,52.988,80.685
CA,125,21.276,52.306,80.22
CB,125,21.91,52.967,78.984
OG,125,21.019,52.89,77.882
C,125,22.266,52.371,81.326
O,125,22.818,51.359,81.756
N,126,22.496,53.589,81.836
CA,126,23.417,53.727,82.914
C,126,22.755,54.595,83.925
O,126,22.316,55.703,83.62
N,127,22.691,54.099,85.172
CA,127,22.084,54.816,86.25
CB,127,21.675,53.915,87.426
CG,127,20.567,52.931,87.047
CD,127,20.24,52.075,88.264
OE1,127,21.077,51.836,89.133
NE2,127,18.97,51.592,88.33
C,127,23.11,55.77,86.726
O,127,24.052,56.067,85.993
N,128,22.904,56.35,87.924
CA,128,23.913,57.22,88.44
CB,128,23.448,58.013,89.642
CG1,128,22.802,57.079,90.688
CG2,128,24.646,58.818,90.181
C,128,25.034,56.314,88.807
O,128,25.105,55.822,89.93
N,129,25.911,56.071,87.807
CA,129,27.037,55.185,87.825
CB,129,26.881,53.955,88.741
OG,129,27.153,54.284,90.094
C,129,27.15,54.66,86.426
O,129,26.419,55.088,85.532
N,130,28.078,53.71,86.196
CA,130,28.218,53.152,84.883
CB,130,29.677,52.94,84.447
C,130,27.568,51.813,84.913
O,130,27.692,51.078,85.889
N,131,26.854,51.463,83.827
CA,131,26.129,50.229,83.783
CB,131,25.424,50.009,82.435
OG,131,26.388,49.933,81.394
C,131,27.08,49.102,83.994
O,131,26.885,48.277,84.883
N,132,28.155,49.055,83.196
CA,132,29.111,48,83.319
CB,132,29.058,47.036,82.179
OG1,132,29.372,47.706,80.967
CG2,132,27.642,46.437,82.106
C,132,30.436,48.665,83.255
O,132,30.592,49.793,83.72
N,133,31.446,47.959,82.714
CA,133,32.685,48.643,82.555
CB,133,33.863,47.735,82.171
CG,133,35.095,48.624,82.114
OD1,133,35.021,49.816,82.404
ND2,133,36.258,48.033,81.724
C,133,32.433,49.564,81.414
O,133,32.595,49.206,80.249
N,134,31.994,50.789,81.745
CA,134,31.682,51.735,80.727
CB,134,30.242,51.714,80.304
CG1,134,29.376,52.24,81.46
CG2,134,30.098,52.517,79.002
C,134,31.965,53.078,81.296
O,134,32.209,53.229,82.493
N,135,31.965,54.095,80.422
CA,135,32.267,55.417,80.866
CB,135,32.82,56.344,79.768
CG,135,31.714,56.892,78.863
SD,135,32.237,58.218,77.737
CE,135,30.549,58.778,77.371
C,135,31.001,56.055,81.319
O,135,29.912,55.711,80.863
N,136,31.12,56.985,82.279
CA,136,29.991,57.765,82.663
CB,136,29.669,57.696,84.124
OG1,136,29.38,56.356,84.497
CG2,136,28.451,58.592,84.393
C,136,30.394,59.158,82.329
O,136,31.483,59.596,82.697
N,137,29.542,59.891,81.592
CA,137,29.964,61.201,81.211
CB,137,29.423,61.66,79.841
CG,137,30.111,62.935,79.479
CD1,137,31.452,62.936,79.166
CD2,137,29.419,64.125,79.425
CE1,137,32.099,64.101,78.825
CE2,137,30.06,65.294,79.084
CZ,137,31.402,65.284,78.785
C,137,29.518,62.146,82.27
O,137,28.421,62.025,82.817
N,138,30.406,63.1,82.606
CA,138,30.135,64.074,83.617
CB,138,31.372,64.809,84.052
CG2,138,31.877,65.635,82.857
CG1,138,31.11,65.634,85.324
CD1,138,32.386,66.136,85.999
C,138,29.176,65.084,83.009
O,138,29.21,66.267,83.438
OXT,138,28.391,64.685,82.107
