Var1,Var2,Var3,Var4,Var5,Var6,Var7,Var8,Var9,Var10
ATOM,1,N,MET,1,-13.763,54.273,18.23,1.00 96.17,N
ATOM,2,CA,MET,1,-13.248,55.472,18.924,1.00 96.17,C
ATOM,3,CB,MET,1,-14.121,56.701,18.611,1.00 96.17,C
ATOM,4,CG,MET,1,-13.965,57.228,17.181,1.00 96.17,C
ATOM,5,SD,MET,1,-14.65,56.154,15.884,1.00 96.17,S
ATOM,6,CE,MET,1,-14.153,57.224,14.502,1.00 96.17,C
ATOM,7,C,MET,1,-13.24,55.269,20.4,1.00 96.17,C
ATOM,8,O,MET,1,-12.696,54.286,20.903,1.00 96.17,O
ATOM,9,N,MET,2,-13.843,56.218,21.136,1.00272.67,N
ATOM,10,CA,MET,2,-13.867,56.13,22.562,1.00272.67,C
ATOM,11,CB,MET,2,-14.079,57.496,23.238,1.00272.67,C
ATOM,12,CG,MET,2,-13.6,57.566,24.688,1.00272.67,C
ATOM,13,SD,MET,2,-11.791,57.645,24.875,1.00272.67,S
ATOM,14,CE,MET,2,-11.472,55.916,24.424,1.00272.67,C
ATOM,15,C,MET,2,-15.006,55.231,22.929,1.00272.67,C
ATOM,16,O,MET,2,-15.925,55.023,22.138,1.00272.67,O
ATOM,17,N,ILE,3,-14.952,54.657,24.147,1.00130.72,N
ATOM,18,CA,ILE,3,-15.989,53.778,24.607,1.00130.72,C
ATOM,19,CB,ILE,3,-15.617,52.984,25.832,1.00130.72,C
ATOM,20,CG2,ILE,3,-15.395,53.973,26.988,1.00130.72,C
ATOM,21,CG1,ILE,3,-16.678,51.907,26.128,1.00130.72,C
ATOM,22,CD1,ILE,3,-16.268,50.928,27.23,1.00130.72,C
ATOM,23,C,ILE,3,-17.166,54.62,24.971,1.00130.72,C
ATOM,24,O,ILE,3,-17.016,55.698,25.544,1.00130.72,O
ATOM,25,N,THR,4,-18.379,54.156,24.615,1.00231.73,N
ATOM,26,CA,THR,4,-19.543,54.923,24.936,1.00231.73,C
ATOM,27,CB,THR,4,-20.804,54.397,24.324,1.00231.73,C
ATOM,28,OG1,THR,4,-21.865,55.319,24.526,1.00231.73,O
ATOM,29,CG2,THR,4,-21.135,53.05,24.988,1.00231.73,C
ATOM,30,C,THR,4,-19.712,54.862,26.416,1.00231.73,C
ATOM,31,O,THR,4,-19.294,53.905,27.066,1.00231.73,O
ATOM,32,N,LEU,5,-20.32,55.913,26.996,1.00260.61,N
ATOM,33,CA,LEU,5,-20.489,55.919,28.415,1.00260.61,C
ATOM,34,CB,LEU,5,-20.168,57.298,29.042,1.00260.61,C
ATOM,35,CG,LEU,5,-20.291,57.437,30.579,1.00260.61,C
ATOM,36,CD1,LEU,5,-19.773,58.813,31.023,1.00260.61,C
ATOM,37,CD2,LEU,5,-21.718,57.216,31.102,1.00260.61,C
ATOM,38,C,LEU,5,-21.912,55.568,28.69,1.00260.61,C
ATOM,39,O,LEU,5,-22.837,56.203,28.185,1.00260.61,O
ATOM,40,N,ARG,6,-22.115,54.512,29.499,1.00326.18,N
ATOM,41,CA,ARG,6,-23.436,54.138,29.898,1.00326.18,C
ATOM,42,CB,ARG,6,-24.117,53.112,28.982,1.00326.18,C
ATOM,43,CG,ARG,6,-25.635,53.265,29.021,1.00326.18,C
ATOM,44,CD,ARG,6,-26.06,54.566,28.331,1.00326.18,C
ATOM,45,NE,ARG,6,-27.505,54.805,28.592,1.00326.18,N
ATOM,46,CZ,ARG,6,-28.079,55.97,28.175,1.00326.18,C
ATOM,47,NH1,ARG,6,-27.347,56.879,27.464,1.00326.18,N
ATOM,48,NH2,ARG,6,-29.384,56.231,28.481,1.00326.18,N
ATOM,49,C,ARG,6,-23.258,53.493,31.228,1.00326.18,C
ATOM,50,O,ARG,6,-22.127,53.277,31.66,1.00326.18,O
ATOM,51,N,LYS,7,-24.353,53.171,31.938,1.00273.11,N
ATOM,52,CA,LYS,7,-24.111,52.591,33.223,1.00273.11,C
ATOM,53,CB,LYS,7,-25.343,52.549,34.147,1.00273.11,C
ATOM,54,CG,LYS,7,-26.448,51.587,33.706,1.00273.11,C
ATOM,55,CD,LYS,7,-27.509,51.336,34.782,1.00273.11,C
ATOM,56,CE,LYS,7,-27.018,50.458,35.937,1.00273.11,C
ATOM,57,NZ,LYS,7,-26.597,49.138,35.419,1.00273.11,N
ATOM,58,C,LYS,7,-23.631,51.189,33.025,1.00273.11,C
ATOM,59,O,LYS,7,-24.335,50.343,32.473,1.00273.11,O
ATOM,60,N,LEU,8,-22.379,50.928,33.447,1.00331.24,N
ATOM,61,CA,LEU,8,-21.831,49.605,33.394,1.00331.24,C
ATOM,62,CB,LEU,8,-20.986,49.345,32.133,1.00331.24,C
ATOM,63,CG,LEU,8,-20.632,47.865,31.884,1.00331.24,C
ATOM,64,CD1,LEU,8,-19.759,47.283,33,1.00331.24,C
ATOM,65,CD2,LEU,8,-21.892,47.028,31.628,1.00331.24,C
ATOM,66,C,LEU,8,-20.929,49.545,34.582,1.00331.24,C
ATOM,67,O,LEU,8,-20.295,50.551,34.906,1.00331.24,O
ATOM,68,N,PRO,9,-20.857,48.455,35.291,1.00121.53,N
ATOM,69,CA,PRO,9,-19.982,48.467,36.43,1.00121.53,C
ATOM,70,CD,PRO,9,-22.026,47.622,35.526,1.00121.53,C
ATOM,71,CB,PRO,9,-20.483,47.375,37.378,1.00121.53,C
ATOM,72,CG,PRO,9,-21.536,46.599,36.562,1.00121.53,C
ATOM,73,C,PRO,9,-18.539,48.352,36.061,1.00121.53,C
ATOM,74,O,PRO,9,-18.196,47.515,35.23,1.00121.53,O
ATOM,75,N,LEU,10,-17.666,49.171,36.677,1.00229.19,N
ATOM,76,CA,LEU,10,-16.267,49.04,36.399,1.00229.19,C
ATOM,77,CB,LEU,10,-15.663,50.225,35.617,1.00229.19,C
ATOM,78,CG,LEU,10,-16.155,50.32,34.156,1.00229.19,C
ATOM,79,CD1,LEU,10,-17.678,50.493,34.083,1.00229.19,C
ATOM,80,CD2,LEU,10,-15.413,51.421,33.38,1.00229.19,C
ATOM,81,C,LEU,10,-15.578,48.961,37.718,1.00229.19,C
ATOM,82,O,LEU,10,-15.673,49.881,38.528,1.00229.19,O
ATOM,83,N,ALA,11,-14.887,47.836,37.983,1.00214.80,N
ATOM,84,CA,ALA,11,-14.177,47.732,39.221,1.00214.80,C
ATOM,85,CB,ALA,11,-13.822,46.286,39.613,1.00214.80,C
ATOM,86,C,ALA,11,-12.893,48.473,39.054,1.00214.80,C
ATOM,87,O,ALA,11,-12.286,48.448,37.985,1.00214.80,O
ATOM,88,N,VAL,12,-12.455,49.176,40.115,1.00 90.14,N
ATOM,89,CA,VAL,12,-11.201,49.865,40.051,1.00 90.14,C
ATOM,90,CB,VAL,12,-11.324,51.362,40.062,1.00 90.14,C
ATOM,91,CG1,VAL,12,-9.906,51.956,40.142,1.00 90.14,C
ATOM,92,CG2,VAL,12,-12.132,51.813,38.832,1.00 90.14,C
ATOM,93,C,VAL,12,-10.465,49.493,41.291,1.00 90.14,C
ATOM,94,O,VAL,12,-11.068,49.357,42.354,1.00 90.14,O
ATOM,95,N,ALA,13,-9.139,49.284,41.181,1.00243.64,N
ATOM,96,CA,ALA,13,-8.392,48.96,42.359,1.00243.64,C
ATOM,97,CB,ALA,13,-8.492,47.479,42.76,1.00243.64,C
ATOM,98,C,ALA,13,-6.956,49.23,42.074,1.00243.64,C
ATOM,99,O,ALA,13,-6.522,49.193,40.926,1.00243.64,O
ATOM    1,0,N,VAL,14,-6.187,49.544,43.134,1.00153.61,N
ATOM    1,1,CA,VAL,14,-4.778,49.747,42.983,1.00153.61,C
ATOM    1,2,CB,VAL,14,-4.414,51.079,42.403,1.00153.61,C
ATOM    1,3,CG1,VAL,14,-4.839,52.17,43.398,1.00153.61,C
ATOM    1,4,CG2,VAL,14,-2.909,51.085,42.09,1.00153.61,C
ATOM    1,5,C,VAL,14,-4.195,49.707,44.352,1.00153.61,C
ATOM    1,6,O,VAL,14,-4.9,49.889,45.343,1.00153.61,O
ATOM    1,7,N,ALA,15,-2.878,49.444,44.438,1.00264.69,N
ATOM    1,8,CA,ALA,15,-2.236,49.453,45.716,1.00264.69,C
ATOM    1,9,CB,ALA,15,-2.021,48.049,46.31,1.00264.69,C
ATOM    1,10,C,ALA,15,-0.887,50.067,45.523,1.00264.69,C
ATOM    1,11,O,ALA,15,-0.265,49.907,44.474,1.00264.69,O
ATOM    1,12,N,ALA,16,-0.418,50.816,46.539,1.00269.58,N
ATOM    1,13,CA,ALA,16,0.878,51.425,46.485,1.00269.58,C
ATOM    1,14,CB,ALA,16,0.834,52.951,46.272,1.00269.58,C
ATOM    1,15,C,ALA,16,1.498,51.173,47.816,1.00269.58,C
ATOM    1,16,O,ALA,16,0.796,51.045,48.818,1.00269.58,O
ATOM    1,17,N,GLY,17,2.839,51.071,47.871,1.00126.20,N
ATOM    1,18,CA,GLY,17,3.427,50.811,49.15,1.00126.20,C
ATOM    1,19,C,GLY,17,4.909,50.888,49.014,1.00126.20,C
ATOM    1,20,O,GLY,17,5.446,51.001,47.914,1.00126.20,O
ATOM    1,21,N,VAL,18,5.602,50.839,50.168,1.00131.48,N
ATOM    1,22,CA,VAL,18,7.033,50.893,50.214,1.00131.48,C
ATOM    1,23,CB,VAL,18,7.569,52.25,50.578,1.00131.48,C
ATOM    1,24,CG1,VAL,18,7.146,53.262,49.497,1.00131.48,C
ATOM    1,25,CG2,VAL,18,7.062,52.605,51.985,1.00131.48,C
ATOM    1,26,C,VAL,18,7.443,49.96,51.307,1.00131.48,C
ATOM    1,27,O,VAL,18,6.616,49.525,52.108,1.00131.48,O
ATOM    1,28,N,MET,19,8.738,49.592,51.359,1.00328.22,N
ATOM    1,29,CA,MET,19,9.098,48.707,52.422,1.00328.22,C
ATOM    1,30,CB,MET,19,8.937,47.226,52.052,1.00328.22,C
ATOM    1,31,CG,MET,19,9.199,46.269,53.214,1.00328.22,C
ATOM    1,32,SD,MET,19,8.905,44.523,52.805,1.00328.22,S
ATOM    1,33,CE,MET,19,7.098,44.703,52.813,1.00328.22,C
ATOM    1,34,C,MET,19,10.529,48.919,52.789,1.00328.22,C
ATOM    1,35,O,MET,19,11.339,49.383,51.988,1.00328.22,O
ATOM    1,36,N,SER,20,10.867,48.59,54.05,1.00220.53,N
ATOM    1,37,CA,SER,20,12.225,48.645,54.498,1.00220.53,C
ATOM    1,38,CB,SER,20,12.493,49.665,55.618,1.00220.53,C
ATOM    1,39,OG,SER,20,13.87,49.644,55.967,1.00220.53,O
ATOM    1,40,C,SER,20,12.47,47.284,55.055,1.00220.53,C
ATOM    1,41,O,SER,20,11.523,46.546,55.314,1.00220.53,O
ATOM    1,42,N,ALA,21,13.74,46.888,55.243,1.00223.30,N
ATOM    1,43,CA,ALA,21,13.915,45.547,55.709,1.00223.30,C
ATOM    1,44,CB,ALA,21,15.19,44.871,55.178,1.00223.30,C
ATOM    1,45,C,ALA,21,14.002,45.548,57.197,1.00223.30,C
ATOM    1,46,O,ALA,21,14.912,46.127,57.787,1.00223.30,O
ATOM    1,47,N,GLN,22,13.014,44.899,57.835,1.00321.11,N
ATOM    1,48,CA,GLN,22,13.004,44.68,59.249,1.00321.11,C
ATOM    1,49,CB,GLN,22,12.262,45.74,60.083,1.00321.11,C
ATOM    1,50,CG,GLN,22,12.3,45.419,61.582,1.00321.11,C
ATOM    1,51,CD,GLN,22,11.581,46.516,62.357,1.00321.11,C
ATOM    1,52,OE1,GLN,22,11.313,47.597,61.835,1.00321.11,O
ATOM    1,53,NE2,GLN,22,11.263,46.232,63.65,1.00321.11,N
ATOM    1,54,C,GLN,22,12.245,43.413,59.399,1.00321.11,C
ATOM    1,55,O,GLN,22,11.329,43.154,58.623,1.00321.11,O
ATOM    1,56,N,ALA,23,12.59,42.581,60.395,1.00232.03,N
ATOM    1,57,CA,ALA,23,11.879,41.342,60.483,1.00232.03,C
ATOM    1,58,CB,ALA,23,12.74,40.19,61.027,1.00232.03,C
ATOM    1,59,C,ALA,23,10.735,41.538,61.417,1.00232.03,C
ATOM    1,60,O,ALA,23,10.913,42.013,62.538,1.00232.03,O
ATOM    1,61,N,MET,24,9.513,41.192,60.963,1.00300.35,N
ATOM    1,62,CA,MET,24,8.392,41.332,61.842,1.00300.35,C
ATOM    1,63,CB,MET,24,7.297,42.309,61.378,1.00300.35,C
ATOM    1,64,CG,MET,24,6.089,42.256,62.319,1.00300.35,C
ATOM    1,65,SD,MET,24,4.696,43.342,61.914,1.00300.35,S
ATOM    1,66,CE,MET,24,3.575,42.551,63.107,1.00300.35,C
ATOM    1,67,C,MET,24,7.709,40.013,61.974,1.00300.35,C
ATOM    1,68,O,MET,24,7.383,39.354,60.989,1.00300.35,O
ATOM    1,69,N,ALA,25,7.495,39.598,63.233,1.00269.35,N
ATOM    1,70,CA,ALA,25,6.746,38.421,63.548,1.00269.35,C
ATOM    1,71,CB,ALA,25,7.597,37.145,63.652,1.00269.35,C
ATOM    1,72,C,ALA,25,6.209,38.705,64.907,1.00269.35,C
ATOM    1,73,O,ALA,25,6.864,39.397,65.684,1.00269.35,O
ATOM    1,74,N,VAL,26,5.01,38.197,65.248,1.00 95.06,N
ATOM    1,75,CA,VAL,26,4.541,38.519,66.56,1.00 95.06,C
ATOM    1,76,CB,VAL,26,3.173,38.016,66.916,1.00 95.06,C
ATOM    1,77,CG1,VAL,26,2.92,38.341,68.4,1.00 95.06,C
ATOM    1,78,CG2,VAL,26,2.146,38.66,65.974,1.00 95.06,C
ATOM    1,79,C,VAL,26,5.484,37.893,67.51,1.00 95.06,C
ATOM    1,80,O,VAL,26,5.946,36.771,67.3,1.00 95.06,O
ATOM    1,81,N,ASP,27,5.824,38.646,68.567,1.00 49.59,N
ATOM    1,82,CA,ASP,27,6.715,38.144,69.556,1.00 49.59,C
ATOM    1,83,CB,ASP,27,7.405,39.248,70.38,1.00 49.59,C
ATOM    1,84,CG,ASP,27,8.42,39.979,69.511,1.00 49.59,C
ATOM    1,85,OD1,ASP,27,8.707,39.504,68.38,1.00 49.59,O
ATOM    1,86,OD2,ASP,27,8.93,41.029,69.983,1.00 49.59,O
ATOM    1,87,C,ASP,27,5.857,37.366,70.492,1.00 49.59,C
ATOM    1,88,O,ASP,27,4.952,37.906,71.126,1.00 49.59,O
ATOM    1,89,N,PHE,28,6.093,36.05,70.571,1.00 75.32,N
ATOM    1,90,CA,PHE,28,5.318,35.264,71.474,1.00 75.32,C
ATOM    1,91,CB,PHE,28,4.633,34.085,70.764,1.00 75.32,C
ATOM    1,92,CG,PHE,28,3.985,33.203,71.769,1.00 75.32,C
ATOM    1,93,CD1,PHE,28,2.932,33.648,72.534,1.00 75.32,C
ATOM    1,94,CD2,PHE,28,4.417,31.905,71.909,1.00 75.32,C
ATOM    1,95,CE1,PHE,28,2.335,32.814,73.453,1.00 75.32,C
ATOM    1,96,CE2,PHE,28,3.824,31.067,72.822,1.00 75.32,C
ATOM    1,97,CZ,PHE,28,2.784,31.523,73.597,1.00 75.32,C
ATOM    1,98,C,PHE,28,6.271,34.762,72.488,1.00 75.32,C
ATOM    1,99,O,PHE,28,7.293,34.164,72.155,1.00 75.32,O
ATOM    2,0,N,HIS,29,5.977,35.043,73.767,1.00 57.39,N
ATOM    2,1,CA,HIS,29,6.851,34.578,74.791,1.00 57.39,C
ATOM    2,2,ND1,HIS,29,9.974,35.461,73.902,1.00 57.39,N
ATOM    2,3,CG,HIS,29,8.785,36.093,74.193,1.00 57.39,C
ATOM    2,4,CB,HIS,29,7.843,35.649,75.276,1.00 57.39,C
ATOM    2,5,NE2,HIS,29,9.794,37.164,72.483,1.00 57.39,N
ATOM    2,6,CD2,HIS,29,8.69,37.129,73.318,1.00 57.39,C
ATOM    2,7,CE1,HIS,29,10.535,36.143,72.872,1.00 57.39,C
ATOM    2,8,C,HIS,29,5.978,34.208,75.944,1.00 57.39,C
ATOM    2,9,O,HIS,29,4.954,34.85,76.173,1.00 57.39,O
ATOM    2,10,N,GLY,30,6.344,33.138,76.679,1.00 55.50,N
ATOM    2,11,CA,GLY,30,5.565,32.749,77.82,1.00 55.50,C
ATOM    2,12,C,GLY,30,6.28,31.607,78.493,1.00 55.50,C
ATOM    2,13,O,GLY,30,6.71,30.652,77.843,1.00 55.50,O
ATOM    2,14,N,TYR,31,6.414,31.683,79.835,1.00191.73,N
ATOM    2,15,CA,TYR,31,7.124,30.695,80.609,1.00191.73,C
ATOM    2,16,CB,TYR,31,8.616,31.082,80.741,1.00191.73,C
ATOM    2,17,CG,TYR,31,9.361,30.127,81.615,1.00191.73,C
ATOM    2,18,CD1,TYR,31,9.952,28.999,81.089,1.00191.73,C
ATOM    2,19,CD2,TYR,31,9.483,30.366,82.965,1.00191.73,C
ATOM    2,20,CE1,TYR,31,10.642,28.126,81.899,1.00191.73,C
ATOM    2,21,CE2,TYR,31,10.17,29.498,83.78,1.00191.73,C
ATOM    2,22,CZ,TYR,31,10.748,28.373,83.247,1.00191.73,C
ATOM    2,23,OH,TYR,31,11.454,27.48,84.081,1.00191.73,O
ATOM    2,24,C,TYR,31,6.525,30.639,81.993,1.00191.73,C
ATOM    2,25,O,TYR,31,5.788,31.542,82.382,1.00191.73,O
ATOM    2,26,N,ALA,32,6.791,29.561,82.779,1.00 77.35,N
ATOM    2,27,CA,ALA,32,6.297,29.543,84.138,1.00 77.35,C
ATOM    2,28,CB,ALA,32,4.817,29.153,84.238,1.00 77.35,C
ATOM    2,29,C,ALA,32,7.062,28.534,84.956,1.00 77.35,C
ATOM    2,30,O,ALA,32,7.538,27.533,84.426,1.00 77.35,O
ATOM    2,31,N,ARG,33,7.182,28.788,86.284,1.00201.96,N
ATOM    2,32,CA,ARG,33,7.88,27.932,87.216,1.00201.96,C
ATOM    2,33,CB,ARG,33,9.401,28.138,87.097,1.00201.96,C
ATOM    2,34,CG,ARG,33,10.25,27.545,88.218,1.00201.96,C
ATOM    2,35,CD,ARG,33,11.751,27.789,88.023,1.00201.96,C
ATOM    2,36,NE,ARG,33,12.049,29.217,88.339,1.00201.96,N
ATOM    2,37,CZ,ARG,33,12.342,30.114,87.35,1.00201.96,C
ATOM    2,38,NH1,ARG,33,12.374,29.715,86.044,1.00201.96,N
ATOM    2,39,NH2,ARG,33,12.633,31.407,87.672,1.00201.96,N
ATOM    2,40,C,ARG,33,7.475,28.372,88.604,1.00201.96,C
ATOM    2,41,O,ARG,33,7.324,29.569,88.84,1.00201.96,O
ATOM    2,42,N,SER,34,7.272,27.439,89.567,1.00 63.79,N
ATOM    2,43,CA,SER,34,6.936,27.893,90.899,1.00 63.79,C
ATOM    2,44,CB,SER,34,5.496,28.418,91.014,1.00 63.79,C
ATOM    2,45,OG,SER,34,5.249,28.848,92.344,1.00 63.79,O
ATOM    2,46,C,SER,34,7.067,26.761,91.887,1.00 63.79,C
ATOM    2,47,O,SER,34,6.995,25.598,91.499,1.00 63.79,O
ATOM    2,48,N,GLY,35,7.256,27.081,93.2,1.00 42.64,N
ATOM    2,49,CA,GLY,35,7.365,26.03,94.188,1.00 42.64,C
ATOM    2,50,C,GLY,35,7.775,26.552,95.553,1.00 42.64,C
ATOM    2,51,O,GLY,35,7.771,27.753,95.81,1.00 42.64,O
ATOM    2,52,N,ILE,36,8.097,25.625,96.495,1.00 58.32,N
ATOM    2,53,CA,ILE,36,8.557,25.992,97.817,1.00 58.32,C
ATOM    2,54,CB,ILE,36,7.496,25.923,98.877,1.00 58.32,C
ATOM    2,55,CG2,ILE,36,7.099,24.447,99.053,1.00 58.32,C
ATOM    2,56,CG1,ILE,36,7.982,26.62,100.164,1.00 58.32,C
ATOM    2,57,CD1,ILE,36,6.867,26.932,101.165,1.00 58.32,C
ATOM    2,58,C,ILE,36,9.672,25.055,98.208,1.00 58.32,C
ATOM    2,59,O,ILE,36,9.74,23.935,97.706,1.00 58.32,O
ATOM    2,60,N,GLY,37,10.593,25.482,99.109,1.00 46.39,N
ATOM    2,61,CA,GLY,37,11.683,24.598,99.433,1.00 46.39,C
ATOM    2,62,C,GLY,37,12.363,25.027,100.71,1.00 46.39,C
ATOM    2,63,O,GLY,37,12.121,26.124,101.214,1.00 46.39,O
ATOM    2,64,N,TRP,38,13.234,24.137,101.258,1.00 85.28,N
ATOM    2,65,CA,TRP,38,13.981,24.39,102.466,1.00 85.28,C
ATOM    2,66,CB,TRP,38,13.416,23.697,103.72,1.00 85.28,C
ATOM    2,67,CG,TRP,38,12.185,24.349,104.307,1.00 85.28,C
ATOM    2,68,CD2,TRP,38,10.845,24.176,103.823,1.00 85.28,C
ATOM    2,69,CD1,TRP,38,12.104,25.201,105.37,1.00 85.28,C
ATOM    2,70,NE1,TRP,38,10.796,25.56,105.586,1.00 85.28,N
ATOM    2,71,CE2,TRP,38,10.009,24.942,104.638,1.00 85.28,C
ATOM    2,72,CE3,TRP,38,10.348,23.437,102.788,1.00 85.28,C
ATOM    2,73,CZ2,TRP,38,8.661,24.979,104.435,1.00 85.28,C
ATOM    2,74,CZ3,TRP,38,8.988,23.491,102.58,1.00 85.28,C
ATOM    2,75,CH2,TRP,38,8.16,24.245,103.385,1.00 85.28,C
ATOM    2,76,C,TRP,38,15.415,23.938,102.305,1.00 85.28,C
ATOM    2,77,O,TRP,38,15.733,23.079,101.482,1.00 85.28,O
ATOM    2,78,N,THR,39,16.318,24.583,103.085,1.00159.94,N
ATOM    2,79,CA,THR,39,17.75,24.386,103.094,1.00159.94,C
ATOM    2,80,CB,THR,39,18.503,25.527,103.701,1.00159.94,C
ATOM    2,81,OG1,THR,39,18.232,26.716,102.982,1.00159.94,O
ATOM    2,82,CG2,THR,39,20.004,25.201,103.631,1.00159.94,C
ATOM    2,83,C,THR,39,18.263,23.143,103.766,1.00159.94,C
ATOM    2,84,O,THR,39,19.242,22.574,103.312,1.00159.94,O
ATOM    2,85,N,GLY,40,17.71,22.687,104.895,1.00220.87,N
ATOM    2,86,CA,GLY,40,18.309,21.542,105.531,1.00220.87,C
ATOM    2,87,C,GLY,40,19.102,22.074,106.685,1.00220.87,C
ATOM    2,88,O,GLY,40,18.85,21.722,107.833,1.00220.87,O
ATOM    2,89,N,SER,41,20.072,22.969,106.408,1.00110.03,N
ATOM    2,90,CA,SER,41,20.826,23.601,107.452,1.00110.03,C
ATOM    2,91,CB,SER,41,21.958,24.503,106.932,1.00110.03,C
ATOM    2,92,OG,SER,41,22.849,23.746,106.129,1.00110.03,O
ATOM    2,93,C,SER,41,19.842,24.5,108.107,1.00110.03,C
ATOM    2,94,O,SER,41,19.988,24.869,109.273,1.00110.03,O
ATOM    2,95,N,GLY,42,18.781,24.852,107.354,1.00 35.42,N
ATOM    2,96,CA,GLY,42,17.779,25.73,107.886,1.00 35.42,C
ATOM    2,97,C,GLY,42,17.664,26.937,107.008,1.00 35.42,C
ATOM    2,98,O,GLY,42,18.614,27.36,106.348,1.00 35.42,O
ATOM    2,99,N,GLY,43,16.451,27.521,106.991,1.00 26.45,N
ATOM    3,0,CA,GLY,43,16.17,28.702,106.225,1.00 26.45,C
ATOM    3,1,C,GLY,43,15.544,28.294,104.93,1.00 26.45,C
ATOM    3,2,O,GLY,43,15.373,27.111,104.646,1.00 26.45,O
ATOM    3,3,N,GLU,44,15.176,29.298,104.113,1.00 58.99,N
ATOM    3,4,CA,GLU,44,14.564,29.085,102.836,1.00 58.99,C
ATOM    3,5,CB,GLU,44,14.045,30.378,102.18,1.00 58.99,C
ATOM    3,6,CG,GLU,44,15.147,31.417,101.973,1.00 58.99,C
ATOM    3,7,CD,GLU,44,14.598,32.518,101.08,1.00 58.99,C
ATOM    3,8,OE1,GLU,44,13.761,32.207,100.192,1.00 58.99,O
ATOM    3,9,OE2,GLU,44,15.015,33.691,101.273,1.00 58.99,O
ATOM    3,10,C,GLU,44,15.616,28.493,101.955,1.00 58.99,C
ATOM    3,11,O,GLU,44,16.807,28.697,102.176,1.00 58.99,O
ATOM    3,12,N,GLN,45,15.184,27.738,100.926,1.00 68.70,N
ATOM    3,13,CA,GLN,45,16.067,27.008,100.051,1.00 68.70,C
ATOM    3,14,CB,GLN,45,15.331,26.166,98.997,1.00 68.70,C
ATOM    3,15,CG,GLN,45,16.259,25.392,98.063,1.00 68.70,C
ATOM    3,16,CD,GLN,45,15.365,24.579,97.143,1.00 68.70,C
ATOM    3,17,OE1,GLN,45,14.171,24.437,97.407,1.00 68.70,O
ATOM    3,18,NE2,GLN,45,15.951,24.032,96.043,1.00 68.70,N
ATOM    3,19,C,GLN,45,17.021,27.904,99.318,1.00 68.70,C
ATOM    3,20,O,GLN,45,16.708,29.048,98.995,1.00 68.70,O
ATOM    3,21,N,GLN,46,18.237,27.371,99.047,1.00 62.35,N
ATOM    3,22,CA,GLN,46,19.299,28.076,98.374,1.00 62.35,C
ATOM    3,23,CB,GLN,46,20.63,28.048,99.14,1.00 62.35,C
ATOM    3,24,CG,GLN,46,20.607,28.682,100.531,1.00 62.35,C
ATOM    3,25,CD,GLN,46,22.014,28.52,101.092,1.00 62.35,C
ATOM    3,26,OE1,GLN,46,22.945,28.222,100.346,1.00 62.35,O
ATOM    3,27,NE2,GLN,46,22.177,28.708,102.429,1.00 62.35,N
ATOM    3,28,C,GLN,46,19.605,27.364,97.084,1.00 62.35,C
ATOM    3,29,O,GLN,46,19.315,26.177,96.945,1.00 62.35,O
ATOM    3,30,N,CYS,47,20.219,28.079,96.108,1.00 65.91,N
ATOM    3,31,CA,CYS,47,20.539,27.479,94.837,1.00 65.91,C
ATOM    3,32,CB,CYS,47,19.943,28.256,93.647,1.00 65.91,C
ATOM    3,33,SG,CYS,47,18.119,28.263,93.559,1.00 65.91,S
ATOM    3,34,C,CYS,47,22.038,27.463,94.649,1.00 65.91,C
ATOM    3,35,O,CYS,47,22.742,28.348,95.128,1.00 65.91,O
ATOM    3,36,N,PHE,48,22.582,26.468,93.908,1.00 79.64,N
ATOM    3,37,CA,PHE,48,24.022,26.375,93.84,1.00 79.64,C
ATOM    3,38,CB,PHE,48,24.521,24.989,94.269,1.00 79.64,C
ATOM    3,39,CG,PHE,48,23.872,24.718,95.583,1.00 79.64,C
ATOM    3,40,CD1,PHE,48,24.438,25.166,96.75,1.00 79.64,C
ATOM    3,41,CD2,PHE,48,22.679,24.036,95.644,1.00 79.64,C
ATOM    3,42,CE1,PHE,48,23.834,24.922,97.96,1.00 79.64,C
ATOM    3,43,CE2,PHE,48,22.071,23.79,96.854,1.00 79.64,C
ATOM    3,44,CZ,PHE,48,22.648,24.232,98.019,1.00 79.64,C
ATOM    3,45,C,PHE,48,24.522,26.614,92.439,1.00 79.64,C
ATOM    3,46,O,PHE,48,24.073,25.984,91.484,1.00 79.64,O
ATOM    3,47,N,GLN,49,25.506,27.527,92.285,1.00 54.63,N
ATOM    3,48,CA,GLN,49,26.032,27.827,90.979,1.00 54.63,C
ATOM    3,49,CB,GLN,49,25.471,29.154,90.431,1.00 54.63,C
ATOM    3,50,CG,GLN,49,25.911,29.538,89.017,1.00 54.63,C
ATOM    3,51,CD,GLN,49,25.177,30.828,88.668,1.00 54.63,C
ATOM    3,52,OE1,GLN,49,24.808,31.591,89.56,1.00 54.63,O
ATOM    3,53,NE2,GLN,49,24.945,31.079,87.352,1.00 54.63,N
ATOM    3,54,C,GLN,49,27.531,27.946,91.081,1.00 54.63,C
ATOM    3,55,O,GLN,49,28.063,28.486,92.048,1.00 54.63,O
ATOM    3,56,N,THR,50,28.259,27.443,90.063,1.00 55.39,N
ATOM    3,57,CA,THR,50,29.696,27.503,90.048,1.00 55.39,C
ATOM    3,58,CB,THR,50,30.306,26.71,88.922,1.00 55.39,C
ATOM    3,59,OG1,THR,50,29.979,25.332,89.038,1.00 55.39,O
ATOM    3,60,CG2,THR,50,31.83,26.91,88.937,1.00 55.39,C
ATOM    3,61,C,THR,50,30.098,28.93,89.842,1.00 55.39,C
ATOM    3,62,O,THR,50,29.538,29.638,89.007,1.00 55.39,O
ATOM    3,63,N,THR,51,31.11,29.392,90.599,1.00120.03,N
ATOM    3,64,CA,THR,51,31.507,30.765,90.487,1.00120.03,C
ATOM    3,65,CB,THR,51,32.441,31.207,91.574,1.00120.03,C
ATOM    3,66,OG1,THR,51,33.641,30.449,91.539,1.00120.03,O
ATOM    3,67,CG2,THR,51,31.736,31.03,92.927,1.00120.03,C
ATOM    3,68,C,THR,51,32.184,30.982,89.171,1.00120.03,C
ATOM    3,69,O,THR,51,33.173,30.325,88.843,1.00120.03,O
ATOM    3,70,N,GLY,52,31.641,31.938,88.389,1.00 28.75,N
ATOM    3,71,CA,GLY,52,32.185,32.301,87.114,1.00 28.75,C
ATOM    3,72,C,GLY,52,31.496,31.536,86.024,1.00 28.75,C
ATOM    3,73,O,GLY,52,31.684,31.835,84.844,1.00 28.75,O
ATOM    3,74,N,ALA,53,30.68,30.527,86.388,1.00 37.76,N
ATOM    3,75,CA,ALA,53,30.032,29.72,85.39,1.00 37.76,C
ATOM    3,76,CB,ALA,53,29.631,28.326,85.897,1.00 37.76,C
ATOM    3,77,C,ALA,53,28.798,30.403,84.892,1.00 37.76,C
ATOM    3,78,O,ALA,53,28.226,31.267,85.553,1.00 37.76,O
ATOM    3,79,N,GLN,54,28.408,30.041,83.658,1.00117.76,N
ATOM    3,80,CA,GLN,54,27.274,30.557,82.95,1.00117.76,C
ATOM    3,81,CB,GLN,54,27.3,30.185,81.462,1.00117.76,C
ATOM    3,82,CG,GLN,54,27.243,28.674,81.248,1.00117.76,C
ATOM    3,83,CD,GLN,54,26.817,28.4,79.812,1.00117.76,C
ATOM    3,84,OE1,GLN,54,27.125,29.151,78.886,1.00117.76,O
ATOM    3,85,NE2,GLN,54,26.059,27.291,79.615,1.00117.76,N
ATOM    3,86,C,GLN,54,25.963,30.057,83.487,1.00117.76,C
ATOM    3,87,O,GLN,54,24.976,30.796,83.468,1.00117.76,O
ATOM    3,88,N,SER,55,25.902,28.784,83.948,1.00 96.47,N
ATOM    3,89,CA,SER,55,24.616,28.231,84.277,1.00 96.47,C
ATOM    3,90,CB,SER,55,24.036,27.376,83.141,1.00 96.47,C
ATOM    3,91,OG,SER,55,23.867,28.148,81.963,1.00 96.47,O
ATOM    3,92,C,SER,55,24.725,27.285,85.432,1.00 96.47,C
ATOM    3,93,O,SER,55,25.807,26.984,85.928,1.00 96.47,O
ATOM    3,94,N,LYS,56,23.552,26.809,85.898,1.00124.94,N
ATOM    3,95,CA,LYS,56,23.473,25.841,86.948,1.00124.94,C
ATOM    3,96,CB,LYS,56,22.901,26.43,88.253,1.00124.94,C
ATOM    3,97,CG,LYS,56,21.631,27.254,88.038,1.00124.94,C
ATOM    3,98,CD,LYS,56,20.89,27.613,89.326,1.00124.94,C
ATOM    3,99,CE,LYS,56,19.646,28.474,89.087,1.00124.94,C
ATOM    4,0,NZ,LYS,56,18.562,27.67,88.474,0.00124.94,N
ATOM    4,1,C,LYS,56,22.58,24.756,86.432,1.00124.94,C
ATOM    4,2,O,LYS,56,21.861,24.952,85.453,1.00124.94,O
ATOM    4,3,N,TYR,57,22.621,23.563,87.056,1.00160.84,N
ATOM    4,4,CA,TYR,57,21.777,22.536,86.527,1.00160.84,C
ATOM    4,5,CB,TYR,57,22.358,21.122,86.734,1.00160.84,C
ATOM    4,6,CG,TYR,57,21.831,20.254,85.64,1.00160.84,C
ATOM    4,7,CD1,TYR,57,22.435,20.322,84.405,1.00160.84,C
ATOM    4,8,CD2,TYR,57,20.76,19.406,85.807,1.00160.84,C
ATOM    4,9,CE1,TYR,57,21.997,19.553,83.356,1.00160.84,C
ATOM    4,10,CE2,TYR,57,20.316,18.631,84.757,1.00160.84,C
ATOM    4,11,CZ,TYR,57,20.935,18.704,83.531,1.00160.84,C
ATOM    4,12,OH,TYR,57,20.481,17.914,82.456,1.00160.84,O
ATOM    4,13,C,TYR,57,20.505,22.701,87.3,1.00160.84,C
ATOM    4,14,O,TYR,57,20.494,22.596,88.522,1.00160.84,O
ATOM    4,15,N,ARG,58,19.397,22.942,86.57,1.00130.96,N
ATOM    4,16,CA,ARG,58,18.114,23.352,87.081,1.00130.96,C
ATOM    4,17,CB,ARG,58,17.081,23.609,85.972,1.00130.96,C
ATOM    4,18,CG,ARG,58,17.36,24.806,85.058,1.00130.96,C
ATOM    4,19,CD,ARG,58,16.183,25.081,84.117,1.00130.96,C
ATOM    4,20,NE,ARG,58,16.59,26.109,83.119,1.00130.96,N
ATOM    4,21,CZ,ARG,58,16.199,27.412,83.24,1.00130.96,C
ATOM    4,22,NH1,ARG,58,15.5,27.845,84.329,1.00130.96,N
ATOM    4,23,NH2,ARG,58,16.492,28.288,82.237,1.00130.96,N
ATOM    4,24,C,ARG,58,17.445,22.392,88.024,1.00130.96,C
ATOM    4,25,O,ARG,58,16.811,22.843,88.975,1.00130.96,O
ATOM    4,26,N,LEU,59,17.536,21.067,87.804,1.00117.98,N
ATOM    4,27,CA,LEU,59,16.772,20.137,88.597,1.00117.98,C
ATOM    4,28,CB,LEU,59,17.158,18.679,88.314,1.00117.98,C
ATOM    4,29,CG,LEU,59,16.451,17.665,89.229,1.00117.98,C
ATOM    4,30,CD1,LEU,59,14.953,17.544,88.907,1.00117.98,C
ATOM    4,31,CD2,LEU,59,17.197,16.328,89.241,1.00117.98,C
ATOM    4,32,C,LEU,59,16.965,20.352,90.07,1.00117.98,C
ATOM    4,33,O,LEU,59,18.047,20.149,90.619,1.00117.98,O
ATOM    4,34,N,GLY,60,15.874,20.775,90.746,1.00 49.71,N
ATOM    4,35,CA,GLY,60,15.877,20.957,92.17,1.00 49.71,C
ATOM    4,36,C,GLY,60,16.846,22.036,92.533,1.00 49.71,C
ATOM    4,37,O,GLY,60,17.4,22.017,93.632,1.00 49.71,O
ATOM    4,38,N,ASN,61,17.106,22.985,91.608,1.00146.95,N
ATOM    4,39,CA,ASN,61,18.012,24.04,91.959,1.00146.95,C
ATOM    4,40,CB,ASN,61,19.445,23.769,91.454,1.00146.95,C
ATOM    4,41,CG,ASN,61,20.444,24.625,92.231,1.00146.95,C
ATOM    4,42,OD1,ASN,61,20.087,25.371,93.141,1.00146.95,O
ATOM    4,43,ND2,ASN,61,21.748,24.508,91.861,1.00146.95,N
ATOM    4,44,C,ASN,61,17.553,25.334,91.335,1.00146.95,C
ATOM    4,45,O,ASN,61,18.345,26.004,90.674,1.00146.95,O
ATOM    4,46,N,GLU,62,16.278,25.743,91.549,1.00 98.26,N
ATOM    4,47,CA,GLU,62,15.778,26.995,91.023,1.00 98.26,C
ATOM    4,48,CB,GLU,62,14.796,26.825,89.854,1.00 98.26,C
ATOM    4,49,CG,GLU,62,15.459,26.204,88.622,1.00 98.26,C
ATOM    4,50,CD,GLU,62,14.404,26.035,87.542,1.00 98.26,C
ATOM    4,51,OE1,GLU,62,13.518,25.157,87.703,1.00 98.26,O
ATOM    4,52,OE2,GLU,62,14.471,26.787,86.535,1.00 98.26,O
ATOM    4,53,C,GLU,62,15.051,27.688,92.141,1.00 98.26,C
ATOM    4,54,O,GLU,62,14.172,27.108,92.773,1.00 98.26,O
ATOM    4,55,N,CYS,63,15.495,28.928,92.439,1.00126.05,N
ATOM    4,56,CA,CYS,63,15.099,29.84,93.483,1.00126.05,C
ATOM    4,57,CB,CYS,63,16.282,30.696,93.962,1.00126.05,C
ATOM    4,58,SG,CYS,63,17.535,29.715,94.859,1.00126.05,S
ATOM    4,59,C,CYS,63,13.905,30.75,93.269,1.00126.05,C
ATOM    4,60,O,CYS,63,13.519,31.419,94.225,1.00126.05,O
ATOM    4,61,N,GLU,64,13.324,30.911,92.059,1.00137.95,N
ATOM    4,62,CA,GLU,64,12.362,31.986,91.943,1.00137.95,C
ATOM    4,63,CB,GLU,64,12.849,33.079,90.981,1.00137.95,C
ATOM    4,64,CG,GLU,64,14.327,33.417,91.178,1.00137.95,C
ATOM    4,65,CD,GLU,64,15.115,32.337,90.432,1.00137.95,C
ATOM    4,66,OE1,GLU,64,14.874,32.178,89.204,1.00137.95,O
ATOM    4,67,OE2,GLU,64,15.938,31.639,91.082,1.00137.95,O
ATOM    4,68,C,GLU,64,11.089,31.486,91.335,1.00137.95,C
ATOM    4,69,O,GLU,64,11.003,30.377,90.816,1.00137.95,O
ATOM    4,70,N,THR,65,10.035,32.322,91.425,1.00 82.20,N
ATOM    4,71,CA,THR,65,8.802,32.016,90.773,1.00 82.20,C
ATOM    4,72,CB,THR,65,7.593,32.374,91.593,1.00 82.20,C
ATOM    4,73,OG1,THR,65,7.593,31.646,92.81,1.00 82.20,O
ATOM    4,74,CG2,THR,65,6.325,32.07,90.78,1.00 82.20,C
ATOM    4,75,C,THR,65,8.823,32.924,89.601,1.00 82.20,C
ATOM    4,76,O,THR,65,8.962,34.135,89.752,1.00 82.20,O
ATOM    4,77,N,TYR,66,8.74,32.368,88.388,1.00102.68,N
ATOM    4,78,CA,TYR,66,8.821,33.259,87.279,1.00102.68,C
ATOM    4,79,CB,TYR,66,10.156,33.105,86.544,1.00102.68,C
ATOM    4,80,CG,TYR,66,10.228,34.129,85.478,1.00102.68,C
ATOM    4,81,CD1,TYR,66,10.451,35.442,85.814,1.00102.68,C
ATOM    4,82,CD2,TYR,66,10.108,33.773,84.158,1.00102.68,C
ATOM    4,83,CE1,TYR,66,10.528,36.403,84.837,1.00102.68,C
ATOM    4,84,CE2,TYR,66,10.186,34.734,83.179,1.00102.68,C
ATOM    4,85,CZ,TYR,66,10.397,36.048,83.518,1.00102.68,C
ATOM    4,86,OH,TYR,66,10.478,37.035,82.516,1.00102.68,O
ATOM    4,87,C,TYR,66,7.734,32.874,86.331,1.00102.68,C
ATOM    4,88,O,TYR,66,7.494,31.684,86.13,1.00102.68,O
ATOM    4,89,N,ALA,67,7.023,33.863,85.744,1.00 72.55,N
ATOM    4,90,CA,ALA,67,6.038,33.485,84.768,1.00 72.55,C
ATOM    4,91,CB,ALA,67,4.739,32.949,85.395,1.00 72.55,C
ATOM    4,92,C,ALA,67,5.672,34.687,83.949,1.00 72.55,C
ATOM    4,93,O,ALA,67,5.577,35.806,84.454,1.00 72.55,O
ATOM    4,94,N,GLU,68,5.45,34.483,82.635,1.00 99.61,N
ATOM    4,95,CA,GLU,68,5.065,35.613,81.84,1.00 99.61,C
ATOM    4,96,CB,GLU,68,6.244,36.378,81.219,1.00 99.61,C
ATOM    4,97,CG,GLU,68,7.087,37.193,82.198,1.00 99.61,C
ATOM    4,98,CD,GLU,68,8.067,37.966,81.334,1.00 99.61,C
ATOM    4,99,OE1,GLU,68,8.106,37.673,80.11,1.00 99.61,O
ATOM    5,0,OE2,GLU,68,8.775,38.859,81.87,1.00 99.61,O
ATOM    5,1,C,GLU,68,4.267,35.132,80.678,1.00 99.61,C
ATOM    5,2,O,GLU,68,4.619,34.153,80.033,1.00 99.61,O
ATOM    5,3,N,LEU,69,3.157,35.808,80.358,1.00114.80,N
ATOM    5,4,CA,LEU,69,2.428,35.364,79.205,1.00114.80,C
ATOM    5,5,CB,LEU,69,0.968,35.049,79.541,1.00114.80,C
ATOM    5,6,CG,LEU,69,0.864,34.057,80.713,1.00114.80,C
ATOM    5,7,CD1,LEU,69,-0.583,33.58,80.905,1.00114.80,C
ATOM    5,8,CD2,LEU,69,1.891,32.917,80.576,1.00114.80,C
ATOM    5,9,C,LEU,69,2.423,36.515,78.256,1.00114.80,C
ATOM    5,10,O,LEU,69,1.856,37.56,78.562,1.00114.80,O
ATOM    5,11,N,LYS,70,3.011,36.366,77.052,1.00168.88,N
ATOM    5,12,CA,LYS,70,3.097,37.579,76.291,1.00168.88,C
ATOM    5,13,CB,LYS,70,4.442,38.296,76.504,1.00168.88,C
ATOM    5,14,CG,LYS,70,4.456,39.677,75.861,1.00168.88,C
ATOM    5,15,CD,LYS,70,5.757,40.466,76.022,1.00168.88,C
ATOM    5,16,CE,LYS,70,6.33,40.467,77.438,1.00168.88,C
ATOM    5,17,NZ,LYS,70,7.486,41.389,77.5,1.00168.88,N
ATOM    5,18,C,LYS,70,2.964,37.395,74.807,1.00168.88,C
ATOM    5,19,O,LYS,70,3.403,36.404,74.229,1.00168.88,O
ATOM    5,20,N,LEU,71,2.316,38.386,74.156,1.00132.48,N
ATOM    5,21,CA,LEU,71,2.244,38.494,72.719,1.00132.48,C
ATOM    5,22,CB,LEU,71,0.878,38.145,72.089,1.00132.48,C
ATOM    5,23,CG,LEU,71,0.486,36.654,72.099,1.00132.48,C
ATOM    5,24,CD1,LEU,71,1.376,35.825,71.16,1.00132.48,C
ATOM    5,25,CD2,LEU,71,0.429,36.097,73.526,1.00132.48,C
ATOM    5,26,C,LEU,71,2.437,39.95,72.416,1.00132.48,C
ATOM    5,27,O,LEU,71,1.702,40.785,72.936,1.00132.48,O
ATOM    5,28,N,GLY,72,3.412,40.314,71.559,1.00 67.95,N
ATOM    5,29,CA,GLY,72,3.578,41.721,71.283,1.00 67.95,C
ATOM    5,30,C,GLY,72,4.357,41.888,70.008,1.00 67.95,C
ATOM    5,31,O,GLY,72,4.93,40.928,69.498,1.00 67.95,O
ATOM    5,32,N,GLN,73,4.394,43.121,69.441,1.00128.86,N
ATOM    5,33,CA,GLN,73,5.151,43.338,68.227,1.00128.86,C
ATOM    5,34,CB,GLN,73,4.433,42.872,66.951,1.00128.86,C
ATOM    5,35,CG,GLN,73,5.126,43.319,65.656,1.00128.86,C
ATOM    5,36,CD,GLN,73,6.522,42.714,65.608,1.00128.86,C
ATOM    5,37,OE1,GLN,73,6.858,41.828,66.389,1.00128.86,O
ATOM    5,38,NE2,GLN,73,7.371,43.213,64.672,1.00128.86,N
ATOM    5,39,C,GLN,73,5.453,44.797,68.018,1.00128.86,C
ATOM    5,40,O,GLN,73,4.627,45.659,68.31,1.00128.86,O
ATOM    5,41,N,GLU,74,6.656,45.098,67.468,1.00 83.32,N
ATOM    5,42,CA,GLU,74,7.068,46.443,67.163,1.00 83.32,C
ATOM    5,43,CB,GLU,74,8.59,46.604,66.99,1.00 83.32,C
ATOM    5,44,CG,GLU,74,9,48.002,66.511,1.00 83.32,C
ATOM    5,45,CD,GLU,74,10.43,47.952,65.972,1.00 83.32,C
ATOM    5,46,OE1,GLU,74,11.225,47.079,66.412,1.00 83.32,O
ATOM    5,47,OE2,GLU,74,10.737,48.802,65.092,1.00 83.32,O
ATOM    5,48,C,GLU,74,6.481,46.747,65.833,1.00 83.32,C
ATOM    5,49,O,GLU,74,6.979,46.299,64.802,1.00 83.32,O
ATOM    5,50,N,VAL,75,5.372,47.494,65.83,1.00137.08,N
ATOM    5,51,CA,VAL,75,4.721,47.736,64.588,1.00137.08,C
ATOM    5,52,CB,VAL,75,3.31,48.178,64.755,1.00137.08,C
ATOM    5,53,CG1,VAL,75,2.754,48.401,63.351,1.00137.08,C
ATOM    5,54,CG2,VAL,75,2.55,47.117,65.561,1.00137.08,C
ATOM    5,55,C,VAL,75,5.427,48.752,63.737,1.00137.08,C
ATOM    5,56,O,VAL,75,5.564,48.554,62.53,1.00137.08,O
ATOM    5,57,N,TRP,76,5.911,49.863,64.337,1.00111.74,N
ATOM    5,58,CA,TRP,76,6.362,50.964,63.523,1.00111.74,C
ATOM    5,59,CB,TRP,76,5.294,52.075,63.595,1.00111.74,C
ATOM    5,60,CG,TRP,76,5.512,53.397,62.896,1.00111.74,C
ATOM    5,61,CD2,TRP,76,6.283,54.48,63.437,1.00111.74,C
ATOM    5,62,CD1,TRP,76,4.983,53.849,61.724,1.00111.74,C
ATOM    5,63,NE1,TRP,76,5.356,55.155,61.51,1.00111.74,N
ATOM    5,64,CE2,TRP,76,6.157,55.556,62.556,1.00111.74,C
ATOM    5,65,CE3,TRP,76,7.028,54.574,64.578,1.00111.74,C
ATOM    5,66,CZ2,TRP,76,6.77,56.75,62.805,1.00111.74,C
ATOM    5,67,CZ3,TRP,76,7.646,55.781,64.825,1.00111.74,C
ATOM    5,68,CH2,TRP,76,7.516,56.846,63.957,1.00111.74,C
ATOM    5,69,C,TRP,76,7.66,51.515,64.043,1.00111.74,C
ATOM    5,70,O,TRP,76,7.789,51.828,65.223,1.00111.74,O
ATOM    5,71,N,LYS,77,8.676,51.647,63.165,1.00 90.53,N
ATOM    5,72,CA,LYS,77,9.886,52.288,63.59,1.00 90.53,C
ATOM    5,73,CB,LYS,77,11.073,51.347,63.868,1.00 90.53,C
ATOM    5,74,CG,LYS,77,12.323,52.123,64.3,1.00 90.53,C
ATOM    5,75,CD,LYS,77,13.391,51.304,65.031,1.00 90.53,C
ATOM    5,76,CE,LYS,77,13.246,51.35,66.557,1.00 90.53,C
ATOM    5,77,NZ,LYS,77,14.239,50.456,67.195,1.00 90.53,N
ATOM    5,78,C,LYS,77,10.284,53.214,62.501,1.00 90.53,C
ATOM    5,79,O,LYS,77,10.296,52.849,61.328,1.00 90.53,O
ATOM    5,80,N,GLU,78,10.599,54.466,62.858,1.00113.30,N
ATOM    5,81,CA,GLU,78,10.977,55.357,61.815,1.00113.30,C
ATOM    5,82,CB,GLU,78,9.824,56.312,61.473,1.00113.30,C
ATOM    5,83,CG,GLU,78,9.846,56.859,60.051,1.00113.30,C
ATOM    5,84,CD,GLU,78,8.435,57.344,59.748,1.00113.30,C
ATOM    5,85,OE1,GLU,78,7.949,58.25,60.47,1.00113.30,O
ATOM    5,86,OE2,GLU,78,7.818,56.798,58.792,1.00113.30,O
ATOM    5,87,C,GLU,78,12.132,56.133,62.336,1.00113.30,C
ATOM    5,88,O,GLU,78,11.961,57.119,63.051,1.00113.30,O
ATOM    5,89,N,GLY,79,13.354,55.705,61.974,1.00 47.46,N
ATOM    5,90,CA,GLY,79,14.497,56.414,62.454,1.00 47.46,C
ATOM    5,91,C,GLY,79,14.443,56.375,63.938,1.00 47.46,C
ATOM    5,92,O,GLY,79,14.594,55.319,64.553,1.00 47.46,O
ATOM    5,93,N,ASP,80,14.239,57.557,64.549,1.00204.43,N
ATOM    5,94,CA,ASP,80,14.125,57.623,65.969,1.00204.43,C
ATOM    5,95,CB,ASP,80,14.423,59.011,66.568,1.00204.43,C
ATOM    5,96,CG,ASP,80,15.869,59.372,66.265,1.00204.43,C
ATOM    5,97,OD1,ASP,80,16.181,59.572,65.061,0.00204.43,O
ATOM    5,98,OD2,ASP,80,16.679,59.453,67.227,0.00204.43,O
ATOM    5,99,C,ASP,80,12.699,57.34,66.272,1.00204.43,C
ATOM    6,0,O,ASP,80,11.799,57.697,65.515,1.00204.43,O
ATOM    6,1,N,LYS,81,12.453,56.645,67.383,1.00196.50,N
ATOM    6,2,CA,LYS,81,11.109,56.381,67.775,1.00196.50,C
ATOM    6,3,CB,LYS,81,10.123,57.562,67.665,1.00196.50,C
ATOM    6,4,CG,LYS,81,10.284,58.649,68.729,1.00196.50,C
ATOM    6,5,CD,LYS,81,11.571,59.465,68.619,1.00196.50,C
ATOM    6,6,CE,LYS,81,11.562,60.731,69.478,1.00196.50,C
ATOM    6,7,NZ,LYS,81,11.226,60.384,70.877,1.00196.50,N
ATOM    6,8,C,LYS,81,10.541,55.247,67.005,1.00196.50,C
ATOM    6,9,O,LYS,81,10.95,54.912,65.894,1.00196.50,O
ATOM    6,10,N,SER,82,9.552,54.621,67.655,1.00 59.88,N
ATOM    6,11,CA,SER,82,8.857,53.503,67.116,1.00 59.88,C
ATOM    6,12,CB,SER,82,9.703,52.219,67.146,1.00 59.88,C
ATOM    6,13,OG,SER,82,10.054,51.896,68.483,1.00 59.88,O
ATOM    6,14,C,SER,82,7.646,53.313,67.984,1.00 59.88,C
ATOM    6,15,O,SER,82,7.523,53.954,69.026,1.00 59.88,O
ATOM    6,16,N,PHE,83,6.699,52.454,67.54,1.00 60.09,N
ATOM    6,17,CA,PHE,83,5.516,52.151,68.302,1.00 60.09,C
ATOM    6,18,CB,PHE,83,4.191,52.336,67.53,1.00 60.09,C
ATOM    6,19,CG,PHE,83,3.926,53.789,67.304,1.00 60.09,C
ATOM    6,20,CD1,PHE,83,3.326,54.565,68.27,1.00 60.09,C
ATOM    6,21,CD2,PHE,83,4.263,54.38,66.109,1.00 60.09,C
ATOM    6,22,CE1,PHE,83,3.077,55.902,68.053,1.00 60.09,C
ATOM    6,23,CE2,PHE,83,4.017,55.716,65.885,1.00 60.09,C
ATOM    6,24,CZ,PHE,83,3.421,56.481,66.857,1.00 60.09,C
ATOM    6,25,C,PHE,83,5.585,50.701,68.665,1.00 60.09,C
ATOM    6,26,O,PHE,83,5.861,49.846,67.827,1.00 60.09,O
ATOM    6,27,N,TYR,84,5.331,50.373,69.945,1.00 81.86,N
ATOM    6,28,CA,TYR,84,5.415,48.988,70.31,1.00 81.86,C
ATOM    6,29,CB,TYR,84,6.582,48.72,71.276,1.00 81.86,C
ATOM    6,30,CG,TYR,84,6.838,47.256,71.368,1.00 81.86,C
ATOM    6,31,CD1,TYR,84,7.448,46.611,70.32,1.00 81.86,C
ATOM    6,32,CD2,TYR,84,6.509,46.534,72.493,1.00 81.86,C
ATOM    6,33,CE1,TYR,84,7.714,45.265,70.377,1.00 81.86,C
ATOM    6,34,CE2,TYR,84,6.774,45.185,72.558,1.00 81.86,C
ATOM    6,35,CZ,TYR,84,7.371,44.548,71.497,1.00 81.86,C
ATOM    6,36,OH,TYR,84,7.641,43.164,71.563,1.00 81.86,O
ATOM    6,37,C,TYR,84,4.136,48.613,70.998,1.00 81.86,C
ATOM    6,38,O,TYR,84,3.625,49.35,71.84,1.00 81.86,O
ATOM    6,39,N,PHE,85,3.578,47.439,70.636,1.00 76.71,N
ATOM    6,40,CA,PHE,85,2.357,46.966,71.224,1.00 76.71,C
ATOM    6,41,CB,PHE,85,1.303,46.602,70.157,1.00 76.71,C
ATOM    6,42,CG,PHE,85,0.102,45.991,70.799,1.00 76.71,C
ATOM    6,43,CD1,PHE,85,-0.748,46.732,71.588,1.00 76.71,C
ATOM    6,44,CD2,PHE,85,-0.187,44.666,70.57,1.00 76.71,C
ATOM    6,45,CE1,PHE,85,-1.854,46.151,72.163,1.00 76.71,C
ATOM    6,46,CE2,PHE,85,-1.292,44.081,71.14,1.00 76.71,C
ATOM    6,47,CZ,PHE,85,-2.13,44.824,71.937,1.00 76.71,C
ATOM    6,48,C,PHE,85,2.704,45.746,72.016,1.00 76.71,C
ATOM    6,49,O,PHE,85,3.356,44.836,71.506,1.00 76.71,O
ATOM    6,50,N,ASP,86,2.304,45.696,73.307,1.00109.55,N
ATOM    6,51,CA,ASP,86,2.687,44.52,74.045,1.00109.55,C
ATOM    6,52,CB,ASP,86,4.022,44.703,74.8,1.00109.55,C
ATOM    6,53,CG,ASP,86,4.629,43.347,75.142,1.00109.55,C
ATOM    6,54,OD1,ASP,86,4.088,42.323,74.651,1.00109.55,O
ATOM    6,55,OD2,ASP,86,5.645,43.318,75.891,1.00109.55,O
ATOM    6,56,C,ASP,86,1.626,44.18,75.073,1.00109.55,C
ATOM    6,57,O,ASP,86,0.983,45.057,75.652,1.00109.55,O
ATOM    6,58,N,THR,87,1.424,42.864,75.318,1.00 86.17,N
ATOM    6,59,CA,THR,87,0.465,42.362,76.267,1.00 86.17,C
ATOM    6,60,CB,THR,87,-0.688,41.666,75.622,1.00 86.17,C
ATOM    6,61,OG1,THR,87,-0.221,40.499,74.964,1.00 86.17,O
ATOM    6,62,CG2,THR,87,-1.342,42.62,74.603,1.00 86.17,C
ATOM    6,63,C,THR,87,1.159,41.338,77.12,1.00 86.17,C
ATOM    6,64,O,THR,87,1.966,40.552,76.624,1.00 86.17,O
ATOM    6,65,N,ASN,88,0.885,41.301,78.442,1.00147.86,N
ATOM    6,66,CA,ASN,88,1.629,40.307,79.176,1.00147.86,C
ATOM    6,67,CB,ASN,88,3.125,40.701,79.236,1.00147.86,C
ATOM    6,68,CG,ASN,88,3.925,39.819,80.181,1.00147.86,C
ATOM    6,69,OD1,ASN,88,4.597,40.337,81.071,1.00147.86,O
ATOM    6,70,ND2,ASN,88,3.869,38.475,80.012,1.00147.86,N
ATOM    6,71,C,ASN,88,1.126,40.22,80.58,1.00147.86,C
ATOM    6,72,O,ASN,88,0.898,41.23,81.238,1.00147.86,O
ATOM    6,73,N,VAL,89,0.937,38.998,81.104,1.00 96.61,N
ATOM    6,74,CA,VAL,89,0.62,38.941,82.503,1.00 96.61,C
ATOM    6,75,CB,VAL,89,-0.528,38.038,82.84,1.00 96.61,C
ATOM    6,76,CG1,VAL,89,-0.653,37.967,84.375,1.00 96.61,C
ATOM    6,77,CG2,VAL,89,-1.785,38.559,82.121,1.00 96.61,C
ATOM    6,78,C,VAL,89,1.841,38.356,83.137,1.00 96.61,C
ATOM    6,79,O,VAL,89,2.165,37.211,82.854,1.00 96.61,O
ATOM    6,80,N,ALA,90,2.561,39.089,84.015,1.00102.39,N
ATOM    6,81,CA,ALA,90,3.789,38.497,84.474,1.00102.39,C
ATOM    6,82,CB,ALA,90,5.056,39.126,83.861,1.00102.39,C
ATOM    6,83,C,ALA,90,3.939,38.63,85.928,1.00102.39,C
ATOM    6,84,O,ALA,90,3.439,39.556,86.566,1.00102.39,O
ATOM    6,85,N,TYR,91,4.642,37.638,86.484,1.00109.06,N
ATOM    6,86,CA,TYR,91,4.918,37.628,87.876,1.00109.06,C
ATOM    6,87,CB,TYR,91,4.09,36.565,88.624,1.00109.06,C
ATOM    6,88,CG,TYR,91,2.621,36.815,88.455,1.00109.06,C
ATOM    6,89,CD1,TYR,91,1.976,36.485,87.28,1.00109.06,C
ATOM    6,90,CD2,TYR,91,1.876,37.357,89.48,1.00109.06,C
ATOM    6,91,CE1,TYR,91,0.622,36.698,87.129,1.00109.06,C
ATOM    6,92,CE2,TYR,91,0.523,37.573,89.336,1.00109.06,C
ATOM    6,93,CZ,TYR,91,-0.105,37.252,88.156,1.00109.06,C
ATOM    6,94,OH,TYR,91,-1.492,37.474,88.008,1.00109.06,O
ATOM    6,95,C,TYR,91,6.36,37.228,88.034,1.00109.06,C
ATOM    6,96,O,TYR,91,6.821,36.281,87.396,1.00109.06,O
ATOM    6,97,N,SER,92,7.126,37.961,88.869,1.00 76.37,N
ATOM    6,98,CA,SER,92,8.472,37.558,89.183,1.00 76.37,C
ATOM    6,99,CB,SER,92,9.563,38.413,88.522,1.00 76.37,C
ATOM    7,0,OG,SER,92,10.841,37.924,88.898,1.00 76.37,O
ATOM    7,1,C,SER,92,8.561,37.762,90.65,1.00 76.37,C
ATOM    7,2,O,SER,92,8.296,38.855,91.146,1.00 76.37,O
ATOM    7,3,N,VAL,93,8.941,36.719,91.4,1.00142.50,N
ATOM    7,4,CA,VAL,93,8.865,36.925,92.808,1.00142.50,C
ATOM    7,5,CB,VAL,93,7.462,36.682,93.303,1.00142.50,C
ATOM    7,6,CG1,VAL,93,7.093,35.233,92.961,1.00142.50,C
ATOM    7,7,CG2,VAL,93,7.344,37.009,94.798,1.00142.50,C
ATOM    7,8,C,VAL,93,9.779,35.975,93.5,1.00142.50,C
ATOM    7,9,O,VAL,93,10.227,34.975,92.94,1.00142.50,O
ATOM    7,10,N,ALA,94,10.079,36.332,94.761,1.00 70.64,N
ATOM    7,11,CA,ALA,94,10.864,35.607,95.707,1.00 70.64,C
ATOM    7,12,CB,ALA,94,11.05,36.375,97.03,1.00 70.64,C
ATOM    7,13,C,ALA,94,10.135,34.34,96.02,1.00 70.64,C
ATOM    7,14,O,ALA,94,10.742,33.327,96.357,1.00 70.64,O
ATOM    7,15,N,GLN,95,8.794,34.384,95.937,1.00225.10,N
ATOM    7,16,CA,GLN,95,7.971,33.255,96.25,1.00225.10,C
ATOM    7,17,CB,GLN,95,8.41,31.979,95.505,1.00225.10,C
ATOM    7,18,CG,GLN,95,7.551,30.752,95.803,1.00225.10,C
ATOM    7,19,CD,GLN,95,6.097,31.196,95.781,1.00225.10,C
ATOM    7,20,OE1,GLN,95,5.355,30.917,96.722,1.00225.10,O
ATOM    7,21,NE2,GLN,95,5.679,31.904,94.699,1.00225.10,N
ATOM    7,22,C,GLN,95,8.012,33.053,97.726,1.00225.10,C
ATOM    7,23,O,GLN,95,7.758,31.964,98.24,1.00225.10,O
ATOM    7,24,N,GLN,96,8.473,34.096,98.436,1.00102.99,N
ATOM    7,25,CA,GLN,96,8.278,34.171,99.845,1.00102.99,C
ATOM    7,26,CB,GLN,96,9.339,35.028,100.546,1.00102.99,C
ATOM    7,27,CG,GLN,96,10.703,34.338,100.497,1.00102.99,C
ATOM    7,28,CD,GLN,96,11.732,35.238,101.152,1.00102.99,C
ATOM    7,29,OE1,GLN,96,11.78,36.437,100.884,1.00102.99,O
ATOM    7,30,NE2,GLN,96,12.581,34.649,102.034,1.00102.99,N
ATOM    7,31,C,GLN,96,6.902,34.748,100.072,1.00102.99,C
ATOM    7,32,O,GLN,96,6.191,34.322,100.981,1.00102.99,O
ATOM    7,33,N,ASN,97,6.501,35.732,99.217,1.00120.46,N
ATOM    7,34,CA,ASN,97,5.263,36.481,99.318,1.00120.46,C
ATOM    7,35,CB,ASN,97,5.415,37.803,100.091,1.00120.46,C
ATOM    7,36,CG,ASN,97,6.433,38.666,99.357,1.00120.46,C
ATOM    7,37,OD1,ASN,97,7.592,38.28,99.217,1.00120.46,O
ATOM    7,38,ND2,ASN,97,5.991,39.855,98.867,1.00120.46,N
ATOM    7,39,C,ASN,97,4.743,36.829,97.933,1.00120.46,C
ATOM    7,40,O,ASN,97,5.253,36.315,96.941,1.00120.46,O
ATOM    7,41,N,ASP,98,3.685,37.695,97.838,1.00 90.41,N
ATOM    7,42,CA,ASP,98,3.016,38.014,96.583,1.00 90.41,C
ATOM    7,43,CB,ASP,98,1.484,37.889,96.634,1.00 90.41,C
ATOM    7,44,CG,ASP,98,1.158,36.408,96.458,1.00 90.41,C
ATOM    7,45,OD1,ASP,98,2.058,35.663,95.979,1.00 90.41,O
ATOM    7,46,OD2,ASP,98,0.012,36.002,96.781,1.00 90.41,O
ATOM    7,47,C,ASP,98,3.374,39.334,95.924,1.00 90.41,C
ATOM    7,48,O,ASP,98,4.265,40.054,96.378,1.00 90.41,O
ATOM    7,49,N,TRP,99,2.69,39.636,94.774,1.00 92.71,N
ATOM    7,50,CA,TRP,99,2.883,40.813,93.937,1.00 92.71,C
ATOM    7,51,CB,TRP,99,4.199,40.791,93.129,1.00 92.71,C
ATOM    7,52,CG,TRP,99,5.454,40.759,93.965,1.00 92.71,C
ATOM    7,53,CD2,TRP,99,6.029,41.9,94.625,1.00 92.71,C
ATOM    7,54,CD1,TRP,99,6.247,39.695,94.268,1.00 92.71,C
ATOM    7,55,NE1,TRP,99,7.281,40.095,95.079,1.00 92.71,N
ATOM    7,56,CE2,TRP,99,7.16,41.45,95.306,1.00 92.71,C
ATOM    7,57,CE3,TRP,99,5.651,43.209,94.655,1.00 92.71,C
ATOM    7,58,CZ2,TRP,99,7.932,42.31,96.034,1.00 92.71,C
ATOM    7,59,CZ3,TRP,99,6.426,44.073,95.395,1.00 92.71,C
ATOM    7,60,CH2,TRP,99,7.545,43.631,96.071,1.00 92.71,C
ATOM    7,61,C,TRP,99,1.792,40.842,92.875,1.00 92.71,C
ATOM    7,62,O,TRP,99,0.798,40.125,92.998,1.00 92.71,O
ATOM    7,63,N,GLU,100,1.928,41.715,91.828,1.00161.18,N
ATOM    7,64,CA,GLU,100,1.004,41.772,90.698,1.00161.18,C
ATOM    7,65,CB,GLU,100,-0.361,42.401,91.056,1.00161.18,C
ATOM    7,66,CG,GLU,100,-0.308,43.842,91.569,1.00161.18,C
ATOM    7,67,CD,GLU,100,-0.47,44.776,90.377,1.00161.18,C
ATOM    7,68,OE1,GLU,100,-1.287,44.45,89.475,1.00161.18,O
ATOM    7,69,OE2,GLU,100,0.208,45.838,90.359,1.00161.18,O
ATOM    7,70,C,GLU,100,1.631,42.541,89.523,1.00161.18,C
ATOM    7,71,O,GLU,100,2.461,43.415,89.773,1.00161.18,O
ATOM    7,72,N,ALA,101,1.327,42.228,88.208,1.00103.82,N
ATOM    7,73,CA,ALA,101,1.864,43.105,87.167,1.00103.82,C
ATOM    7,74,CB,ALA,101,3.391,43.002,87.021,1.00103.82,C
ATOM    7,75,C,ALA,101,1.269,42.921,85.766,1.00103.82,C
ATOM    7,76,O,ALA,101,1.021,41.797,85.325,1.00103.82,O
ATOM    7,77,N,THR,102,1.03,44.066,85.046,1.00340.24,N
ATOM    7,78,CA,THR,102,0.596,44.22,83.674,1.00340.24,C
ATOM    7,79,CB,THR,102,-0.213,43.038,83.198,1.00340.24,C
ATOM    7,80,OG1,THR,102,-0.627,43.229,81.853,1.00340.24,O
ATOM    7,81,CG2,THR,102,-1.412,42.793,84.133,1.00340.24,C
ATOM    7,82,C,THR,102,-0.209,45.514,83.474,1.00340.24,C
ATOM    7,83,O,THR,102,-1.434,45.468,83.551,1.00340.24,O
ATOM    7,84,N,ASP,103,0.404,46.7,83.156,1.00350.20,N
ATOM    7,85,CA,ASP,103,-0.436,47.87,82.979,1.00350.20,C
ATOM    7,86,CB,ASP,103,-1.029,48.375,84.307,1.00350.20,C
ATOM    7,87,CG,ASP,103,0.116,48.705,85.253,1.00350.20,C
ATOM    7,88,OD1,ASP,103,1.292,48.502,84.851,1.00350.20,O
ATOM    7,89,OD2,ASP,103,-0.171,49.138,86.401,1.00350.20,O
ATOM    7,90,C,ASP,103,0.316,48.993,82.338,1.00350.20,C
ATOM    7,91,O,ASP,103,1.433,48.838,81.83,1.00350.20,O
ATOM    7,92,N,PRO,104,-0.477,50.035,82.175,1.00185.31,N
ATOM    7,93,CA,PRO,104,-0.026,51.364,81.815,1.00185.31,C
ATOM    7,94,CD,PRO,104,-1.816,49.77,81.668,1.00185.31,C
ATOM    7,95,CB,PRO,104,-1.239,52.073,81.217,1.00185.31,C
ATOM    7,96,CG,PRO,104,-2.136,50.933,80.718,1.00185.31,C
ATOM    7,97,C,PRO,104,0.513,52.112,82.992,1.00185.31,C
ATOM    7,98,O,PRO,104,1.319,53.023,82.807,1.00185.31,O
ATOM    7,99,N,ALA,105,0.064,51.739,84.205,1.00 65.82,N
ATOM    8,0,CA,ALA,105,0.339,52.458,85.416,1.00 65.82,C
ATOM    8,1,CB,ALA,105,-0.644,52.155,86.56,1.00 65.82,C
ATOM    8,2,C,ALA,105,1.707,52.148,85.907,1.00 65.82,C
ATOM    8,3,O,ALA,105,2.452,51.39,85.291,1.00 65.82,O
ATOM    8,4,N,PHE,106,2.061,52.776,87.045,1.00108.33,N
ATOM    8,5,CA,PHE,106,3.346,52.647,87.659,1.00108.33,C
ATOM    8,6,CB,PHE,106,3.458,53.412,88.987,1.00108.33,C
ATOM    8,7,CG,PHE,106,3.553,54.858,88.64,1.00108.33,C
ATOM    8,8,CD1,PHE,106,2.433,55.59,88.323,1.00108.33,C
ATOM    8,9,CD2,PHE,106,4.779,55.483,88.63,1.00108.33,C
ATOM    8,10,CE1,PHE,106,2.538,56.926,88.007,1.00108.33,C
ATOM    8,11,CE2,PHE,106,4.891,56.816,88.316,1.00108.33,C
ATOM    8,12,CZ,PHE,106,3.768,57.54,88.003,1.00108.33,C
ATOM    8,13,C,PHE,106,3.657,51.204,87.894,1.00108.33,C
ATOM    8,14,O,PHE,106,2.767,50.388,88.133,1.00108.33,O
ATOM    8,15,N,ARG,107,4.965,50.878,87.81,1.00196.14,N
ATOM    8,16,CA,ARG,107,5.482,49.537,87.88,1.00196.14,C
ATOM    8,17,CB,ARG,107,6.222,49.13,86.588,1.00196.14,C
ATOM    8,18,CG,ARG,107,5.294,48.937,85.382,1.00196.14,C
ATOM    8,19,CD,ARG,107,6.022,48.716,84.049,1.00196.14,C
ATOM    8,20,NE,ARG,107,6.545,50.036,83.591,1.00196.14,N
ATOM    8,21,CZ,ARG,107,6.275,50.485,82.328,1.00196.14,C
ATOM    8,22,NH1,ARG,107,5.566,49.708,81.458,1.00196.14,N
ATOM    8,23,NH2,ARG,107,6.71,51.718,81.935,1.00196.14,N
ATOM    8,24,C,ARG,107,6.47,49.44,89.011,1.00196.14,C
ATOM    8,25,O,ARG,107,6.66,50.385,89.772,1.00196.14,O
ATOM    8,26,N,GLU,108,7.053,48.229,89.178,1.00191.21,N
ATOM    8,27,CA,GLU,108,7.981,47.875,90.217,1.00191.21,C
ATOM    8,28,CB,GLU,108,8.189,46.352,90.323,1.00191.21,C
ATOM    8,29,CG,GLU,108,8.612,45.68,89.013,1.00191.21,C
ATOM    8,30,CD,GLU,108,7.35,45.441,88.193,1.00191.21,C
ATOM    8,31,OE1,GLU,108,6.246,45.783,88.7,1.00191.21,O
ATOM    8,32,OE2,GLU,108,7.466,44.906,87.06,1.00191.21,O
ATOM    8,33,C,GLU,108,9.345,48.505,90.111,1.00191.21,C
ATOM    8,34,O,GLU,108,9.842,49.03,91.106,1.00191.21,O
ATOM    8,35,N,ALA,109,10.014,48.509,88.937,1.00 71.94,N
ATOM    8,36,CA,ALA,109,11.36,49.003,89.056,1.00 71.94,C
ATOM    8,37,CB,ALA,109,12.31,47.982,89.705,1.00 71.94,C
ATOM    8,38,C,ALA,109,11.957,49.358,87.729,1.00 71.94,C
ATOM    8,39,O,ALA,109,11.42,49.055,86.665,1.00 71.94,O
ATOM    8,40,N,ASN,110,13.146,49.996,87.791,1.00110.60,N
ATOM    8,41,CA,ASN,110,13.883,50.424,86.635,1.00110.60,C
ATOM    8,42,CB,ASN,110,14.389,49.278,85.74,1.00110.60,C
ATOM    8,43,CG,ASN,110,15.351,49.891,84.733,1.00110.60,C
ATOM    8,44,OD1,ASN,110,15.682,51.073,84.823,1.00110.60,O
ATOM    8,45,ND2,ASN,110,15.79,49.086,83.73,1.00110.60,N
ATOM    8,46,C,ASN,110,13.028,51.299,85.777,1.00110.60,C
ATOM    8,47,O,ASN,110,12.867,51.05,84.586,1.00110.60,O
ATOM    8,48,N,VAL,111,12.466,52.367,86.375,1.00 63.69,N
ATOM    8,49,CA,VAL,111,11.624,53.281,85.657,1.00 63.69,C
ATOM    8,50,CB,VAL,111,11.035,54.333,86.544,1.00 63.69,C
ATOM    8,51,CG1,VAL,111,10.181,55.294,85.7,1.00 63.69,C
ATOM    8,52,CG2,VAL,111,10.283,53.621,87.675,1.00 63.69,C
ATOM    8,53,C,VAL,111,12.457,53.995,84.646,1.00 63.69,C
ATOM    8,54,O,VAL,111,13.667,54.137,84.812,1.00 63.69,O
ATOM    8,55,N,GLN,112,11.814,54.439,83.546,1.00100.16,N
ATOM    8,56,CA,GLN,112,12.523,55.144,82.519,1.00100.16,C
ATOM    8,57,CB,GLN,112,11.728,55.4,81.227,1.00100.16,C
ATOM    8,58,CG,GLN,112,11.297,54.168,80.433,1.00100.16,C
ATOM    8,59,CD,GLN,112,10.646,54.689,79.154,1.00100.16,C
ATOM    8,60,OE1,GLN,112,10.86,55.836,78.762,1.00100.16,O
ATOM    8,61,NE2,GLN,112,9.83,53.83,78.488,1.00100.16,N
ATOM    8,62,C,GLN,112,12.835,56.508,83.039,1.00100.16,C
ATOM    8,63,O,GLN,112,12.145,57.029,83.914,1.00100.16,O
ATOM    8,64,N,GLY,113,13.907,57.124,82.505,1.00 77.09,N
ATOM    8,65,CA,GLY,113,14.262,58.445,82.923,1.00 77.09,C
ATOM    8,66,C,GLY,113,14.734,58.351,84.332,1.00 77.09,C
ATOM    8,67,O,GLY,113,15.486,57.445,84.68,1.00 77.09,O
ATOM    8,68,N,LYS,114,14.298,59.31,85.169,1.00128.51,N
ATOM    8,69,CA,LYS,114,14.659,59.338,86.553,1.00128.51,C
ATOM    8,70,CB,LYS,114,13.965,60.504,87.28,1.00128.51,C
ATOM    8,71,CG,LYS,114,14.308,60.664,88.759,1.00128.51,C
ATOM    8,72,CD,LYS,114,13.869,62.016,89.326,1.00128.51,C
ATOM    8,73,CE,LYS,114,14.011,62.11,90.846,1.00128.51,C
ATOM    8,74,NZ,LYS,114,13.03,61.209,91.493,1.00128.51,N
ATOM    8,75,C,LYS,114,14.179,58.033,87.103,1.00128.51,C
ATOM    8,76,O,LYS,114,13.119,57.551,86.71,1.00128.51,O
ATOM    8,77,N,ASN,115,14.948,57.412,88.022,1.00104.30,N
ATOM    8,78,CA,ASN,115,14.568,56.095,88.449,1.00104.30,C
ATOM    8,79,CB,ASN,115,15.756,55.211,88.868,1.00104.30,C
ATOM    8,80,CG,ASN,115,15.267,53.772,88.914,1.00104.30,C
ATOM    8,81,OD1,ASN,115,14.097,53.489,88.659,1.00104.30,O
ATOM    8,82,ND2,ASN,115,16.188,52.832,89.256,1.00104.30,N
ATOM    8,83,C,ASN,115,13.634,56.186,89.61,1.00104.30,C
ATOM    8,84,O,ASN,115,14.005,56.612,90.702,1.00104.30,O
ATOM    8,85,N,LEU,116,12.37,55.795,89.364,1.00135.60,N
ATOM    8,86,CA,LEU,116,11.318,55.815,90.339,1.00135.60,C
ATOM    8,87,CB,LEU,116,9.911,55.683,89.736,1.00135.60,C
ATOM    8,88,CG,LEU,116,8.797,55.751,90.799,1.00135.60,C
ATOM    8,89,CD1,LEU,116,8.822,57.086,91.562,1.00135.60,C
ATOM    8,90,CD2,LEU,116,7.423,55.456,90.182,1.00135.60,C
ATOM    8,91,C,LEU,116,11.478,54.733,91.368,1.00135.60,C
ATOM    8,92,O,LEU,116,11.092,54.929,92.517,1.00135.60,O
ATOM    8,93,N,SER,117,12.031,53.561,90.984,1.00106.13,N
ATOM    8,94,CA,SER,117,12.114,52.443,91.893,1.00106.13,C
ATOM    8,95,CB,SER,117,12.903,51.257,91.312,1.00106.13,C
ATOM    8,96,OG,SER,117,14.232,51.652,91.008,1.00106.13,O
ATOM    8,97,C,SER,117,12.804,52.898,93.134,1.00106.13,C
ATOM    8,98,O,SER,117,12.25,52.803,94.228,1.00106.13,O
ATOM    8,99,N,ASN,118,14.031,53.422,92.981,1.00125.88,N
ATOM    9,0,CA,ASN,118,14.751,54.008,94.064,1.00125.88,C
ATOM    9,1,CB,ASN,118,15.798,53.073,94.702,1.00125.88,C
ATOM    9,2,CG,ASN,118,16.803,52.609,93.662,1.00125.88,C
ATOM    9,3,OD1,ASN,118,16.814,53.059,92.517,1.00125.88,O
ATOM    9,4,ND2,ASN,118,17.677,51.654,94.079,1.00125.88,N
ATOM    9,5,C,ASN,118,15.399,55.206,93.459,1.00125.88,C
ATOM    9,6,O,ASN,118,15.555,55.265,92.241,1.00125.88,O
ATOM    9,7,N,GLY,119,15.777,56.207,94.275,1.00 70.90,N
ATOM    9,8,CA,GLY,119,16.31,57.393,93.676,1.00 70.90,C
ATOM    9,9,C,GLY,119,17.55,57.033,92.93,1.00 70.90,C
ATOM    9,10,O,GLY,119,18.419,56.337,93.449,1.00 70.90,O
ATOM    9,11,N,CYS,120,17.648,57.516,91.675,1.00126.89,N
ATOM    9,12,CA,CYS,120,18.804,57.289,90.859,1.00126.89,C
ATOM    9,13,CB,CYS,120,18.656,56.097,89.905,1.00126.89,C
ATOM    9,14,SG,CYS,120,18.627,54.517,90.803,1.00126.89,S
ATOM    9,15,C,CYS,120,19.015,58.514,90.024,1.00126.89,C
ATOM    9,16,O,CYS,120,20.126,59.021,89.914,1.00126.89,O
ATOM    9,17,N,GLN,121,17.932,59.041,89.425,1.00237.78,N
ATOM    9,18,CA,GLN,121,18.016,60.217,88.604,1.00237.78,C
ATOM    9,19,CB,GLN,121,18.556,61.456,89.336,1.00237.78,C
ATOM    9,20,CG,GLN,121,17.666,62.001,90.452,1.00237.78,C
ATOM    9,21,CD,GLN,121,18.385,63.222,91.015,1.00237.78,C
ATOM    9,22,OE1,GLN,121,19.256,63.122,91.877,1.00237.78,O
ATOM    9,23,NE2,GLN,121,18.027,64.424,90.489,1.00237.78,N
ATOM    9,24,C,GLN,121,18.942,59.989,87.454,1.00237.78,C
ATOM    9,25,O,GLN,121,19.659,60.902,87.05,1.00237.78,O
ATOM    9,26,N,ALA,122,18.948,58.773,86.878,1.00 90.59,N
ATOM    9,27,CA,ALA,122,19.8,58.55,85.745,1.00 90.59,C
ATOM    9,28,CB,ALA,122,21.107,57.816,86.066,1.00 90.59,C
ATOM    9,29,C,ALA,122,19.059,57.704,84.76,1.00 90.59,C
ATOM    9,30,O,ALA,122,17.979,57.187,85.038,1.00 90.59,O
ATOM    9,31,N,PRO,123,19.631,57.591,83.592,1.00143.92,N
ATOM    9,32,CA,PRO,123,19.04,56.829,82.524,1.00143.92,C
ATOM    9,33,CD,PRO,123,20.52,58.626,83.091,0.00143.92,C
ATOM    9,34,CB,PRO,123,19.743,57.283,81.239,1.00143.92,C
ATOM    9,35,CG,PRO,123,20.956,58.101,81.717,0.00143.92,C
ATOM    9,36,C,PRO,123,19.116,55.35,82.769,1.00143.92,C
ATOM    9,37,O,PRO,123,19.909,54.909,83.593,1.00143.92,O
ATOM    9,38,N,PRO,124,18.264,54.606,82.107,1.00147.11,N
ATOM    9,39,CA,PRO,124,18.2,53.174,82.217,1.00147.11,C
ATOM    9,40,CD,PRO,124,17.161,55.163,81.347,1.00147.11,C
ATOM    9,41,CB,PRO,124,16.933,52.759,81.461,1.00147.11,C
ATOM    9,42,CG,PRO,124,16.607,53.965,80.558,1.00147.11,C
ATOM    9,43,C,PRO,124,19.434,52.477,81.737,1.00147.11,C
ATOM    9,44,O,PRO,124,19.787,51.45,82.312,1.00147.11,O
ATOM    9,45,N,SER,125,20.103,52.988,80.685,1.00 95.17,N
ATOM    9,46,CA,SER,125,21.276,52.306,80.22,1.00 95.17,C
ATOM    9,47,CB,SER,125,21.91,52.967,78.984,1.00 95.17,C
ATOM    9,48,OG,SER,125,21.019,52.89,77.882,1.00 95.17,O
ATOM    9,49,C,SER,125,22.266,52.371,81.326,1.00 95.17,C
ATOM    9,50,O,SER,125,22.818,51.359,81.756,1.00 95.17,O
ATOM    9,51,N,GLY,126,22.496,53.589,81.836,1.00 40.25,N
ATOM    9,52,CA,GLY,126,23.417,53.727,82.914,1.00 40.25,C
ATOM    9,53,C,GLY,126,22.755,54.595,83.925,1.00 40.25,C
ATOM    9,54,O,GLY,126,22.316,55.703,83.62,1.00 40.25,O
ATOM    9,55,N,GLN,127,22.691,54.099,85.172,1.00 70.75,N
ATOM    9,56,CA,GLN,127,22.084,54.816,86.25,1.00 70.75,C
ATOM    9,57,CB,GLN,127,21.675,53.915,87.426,1.00 70.75,C
ATOM    9,58,CG,GLN,127,20.567,52.931,87.047,1.00 70.75,C
ATOM    9,59,CD,GLN,127,20.24,52.075,88.264,1.00 70.75,C
ATOM    9,60,OE1,GLN,127,21.077,51.836,89.133,1.00 70.75,O
ATOM    9,61,NE2,GLN,127,18.97,51.592,88.33,1.00 70.75,N
ATOM    9,62,C,GLN,127,23.11,55.77,86.726,1.00 70.75,C
ATOM    9,63,O,GLN,127,24.052,56.067,85.993,1.00 70.75,O
ATOM    9,64,N,VAL,128,22.904,56.35,87.924,1.00145.52,N
ATOM    9,65,CA,VAL,128,23.913,57.22,88.44,1.00145.52,C
ATOM    9,66,CB,VAL,128,23.448,58.013,89.642,1.00145.52,C
ATOM    9,67,CG1,VAL,128,22.802,57.079,90.688,1.00145.52,C
ATOM    9,68,CG2,VAL,128,24.646,58.818,90.181,1.00145.52,C
ATOM    9,69,C,VAL,128,25.034,56.314,88.807,1.00145.52,C
ATOM    9,70,O,VAL,128,25.105,55.822,89.93,1.00145.52,O
ATOM    9,71,N,SER,129,25.911,56.071,87.807,1.00 82.74,N
ATOM    9,72,CA,SER,129,27.037,55.185,87.825,1.00 82.74,C
ATOM    9,73,CB,SER,129,26.881,53.955,88.741,1.00 82.74,C
ATOM    9,74,OG,SER,129,27.153,54.284,90.094,1.00 82.74,O
ATOM    9,75,C,SER,129,27.15,54.66,86.426,1.00 82.74,C
ATOM    9,76,O,SER,129,26.419,55.088,85.532,1.00 82.74,O
ATOM    9,77,N,ALA,130,28.078,53.71,86.196,1.00 61.08,N
ATOM    9,78,CA,ALA,130,28.218,53.152,84.883,1.00 61.08,C
ATOM    9,79,CB,ALA,130,29.677,52.94,84.447,1.00 61.08,C
ATOM    9,80,C,ALA,130,27.568,51.813,84.913,1.00 61.08,C
ATOM    9,81,O,ALA,130,27.692,51.078,85.889,1.00 61.08,O
ATOM    9,82,N,SER,131,26.854,51.463,83.827,1.00143.43,N
ATOM    9,83,CA,SER,131,26.129,50.229,83.783,1.00143.43,C
ATOM    9,84,CB,SER,131,25.424,50.009,82.435,1.00143.43,C
ATOM    9,85,OG,SER,131,26.388,49.933,81.394,1.00143.43,O
ATOM    9,86,C,SER,131,27.08,49.102,83.994,1.00143.43,C
ATOM    9,87,O,SER,131,26.885,48.277,84.883,1.00143.43,O
ATOM    9,88,N,THR,132,28.155,49.055,83.196,1.00125.70,N
ATOM    9,89,CA,THR,132,29.111,48,83.319,1.00125.70,C
ATOM    9,90,CB,THR,132,29.058,47.036,82.179,1.00125.70,C
ATOM    9,91,OG1,THR,132,29.372,47.706,80.967,1.00125.70,O
ATOM    9,92,CG2,THR,132,27.642,46.437,82.106,1.00125.70,C
ATOM    9,93,C,THR,132,30.436,48.665,83.255,1.00125.70,C
ATOM    9,94,O,THR,132,30.592,49.793,83.72,1.00125.70,O
ATOM    9,95,N,ASN,133,31.446,47.959,82.714,1.00 93.23,N
ATOM    9,96,CA,ASN,133,32.685,48.643,82.555,1.00 93.23,C
ATOM    9,97,CB,ASN,133,33.863,47.735,82.171,1.00 93.23,C
ATOM    9,98,CG,ASN,133,35.095,48.624,82.114,1.00 93.23,C
ATOM    9,99,OD1,ASN,133,35.021,49.816,82.404,1.00 93.23,O
ATOM   10,0,ND2,ASN,133,36.258,48.033,81.724,1.00 93.23,N
ATOM   10,1,C,ASN,133,32.433,49.564,81.414,1.00 93.23,C
ATOM   10,2,O,ASN,133,32.595,49.206,80.249,1.00 93.23,O
ATOM   10,3,N,VAL,134,31.994,50.789,81.745,1.00 89.19,N
ATOM   10,4,CA,VAL,134,31.682,51.735,80.727,1.00 89.19,C
ATOM   10,5,CB,VAL,134,30.242,51.714,80.304,1.00 89.19,C
ATOM   10,6,CG1,VAL,134,29.376,52.24,81.46,1.00 89.19,C
ATOM   10,7,CG2,VAL,134,30.098,52.517,79.002,1.00 89.19,C
ATOM   10,8,C,VAL,134,31.965,53.078,81.296,1.00 89.19,C
ATOM   10,9,O,VAL,134,32.209,53.229,82.493,1.00 89.19,O
ATOM   10,10,N,MET,135,31.965,54.095,80.422,1.00141.61,N
ATOM   10,11,CA,MET,135,32.267,55.417,80.866,1.00141.61,C
ATOM   10,12,CB,MET,135,32.82,56.344,79.768,1.00141.61,C
ATOM   10,13,CG,MET,135,31.714,56.892,78.863,1.00141.61,C
ATOM   10,14,SD,MET,135,32.237,58.218,77.737,1.00141.61,S
ATOM   10,15,CE,MET,135,30.549,58.778,77.371,1.00141.61,C
ATOM   10,16,C,MET,135,31.001,56.055,81.319,1.00141.61,C
ATOM   10,17,O,MET,135,29.912,55.711,80.863,1.00141.61,O
ATOM   10,18,N,THR,136,31.12,56.985,82.279,1.00 46.88,N
ATOM   10,19,CA,THR,136,29.991,57.765,82.663,1.00 46.88,C
ATOM   10,20,CB,THR,136,29.669,57.696,84.124,1.00 46.88,C
ATOM   10,21,OG1,THR,136,29.38,56.356,84.497,1.00 46.88,O
ATOM   10,22,CG2,THR,136,28.451,58.592,84.393,1.00 46.88,C
ATOM   10,23,C,THR,136,30.394,59.158,82.329,1.00 46.88,C
ATOM   10,24,O,THR,136,31.483,59.596,82.697,1.00 46.88,O
ATOM   10,25,N,PHE,137,29.542,59.891,81.592,1.00 55.34,N
ATOM   10,26,CA,PHE,137,29.964,61.201,81.211,1.00 55.34,C
ATOM   10,27,CB,PHE,137,29.423,61.66,79.841,1.00 55.34,C
ATOM   10,28,CG,PHE,137,30.111,62.935,79.479,1.00 55.34,C
ATOM   10,29,CD1,PHE,137,31.452,62.936,79.166,1.00 55.34,C
ATOM   10,30,CD2,PHE,137,29.419,64.125,79.425,1.00 55.34,C
ATOM   10,31,CE1,PHE,137,32.099,64.101,78.825,1.00 55.34,C
ATOM   10,32,CE2,PHE,137,30.06,65.294,79.084,1.00 55.34,C
ATOM   10,33,CZ,PHE,137,31.402,65.284,78.785,1.00 55.34,C
ATOM   10,34,C,PHE,137,29.518,62.146,82.27,1.00 55.34,C
ATOM   10,35,O,PHE,137,28.421,62.025,82.817,1.00 55.34,O
ATOM   10,36,N,ILE,138,30.406,63.1,82.606,1.00 62.31,N
ATOM   10,37,CA,ILE,138,30.135,64.074,83.617,1.00 62.31,C
ATOM   10,38,CB,ILE,138,31.372,64.809,84.052,1.00 62.31,C
ATOM   10,39,CG2,ILE,138,31.877,65.635,82.857,1.00 62.31,C
ATOM   10,40,CG1,ILE,138,31.11,65.634,85.324,1.00 62.31,C
ATOM   10,41,CD1,ILE,138,32.386,66.136,85.999,1.00 62.31,C
ATOM   10,42,C,ILE,138,29.176,65.084,83.009,1.00 62.31,C
ATOM   10,43,O,ILE,138,29.21,66.267,83.438,1.00 62.31,O
ATOM   10,44,OXT,ILE,138,28.391,64.685,82.107,1.00 62.31,O
TER    10,45,,ILE,138,NaN,NaN,NaN,,
END,NaN,,,NaN,NaN,NaN,NaN,,
